{
	"credit": "Made with Blockbench",
	"textures": {
		"0": "./cigarette",
		"particle": "./cigarette"
	},
	"elements": [
		{
			"from": [3, 0, 7],
			"to": [15, 2, 9],
			"faces": {
				"north": {"uv": [0, 0, 12, 2], "texture": "#0"},
				"east": {"uv": [0, 8, 2, 10], "texture": "#0"},
				"south": {"uv": [0, 2, 12, 4], "texture": "#0"},
				"west": {"uv": [2, 8, 4, 10], "texture": "#0"},
				"up": {"uv": [12, 6, 0, 4], "texture": "#0"},
				"down": {"uv": [12, 6, 0, 8], "texture": "#0"}
			}
		}
	],
	"display": {
		"thirdperson_righthand": {
			"rotation": [-18.72, 0.21, -109.73],
			"translation": [4, 0.25, 0.25],
			"scale": [0.4, 0.4, 0.4]
		},
		"thirdperson_lefthand": {
			"rotation": [-17.69, -8.04, 90.42],
			"translation": [-8.75, 5, 10.75],
			"scale": [0.4, 0.4, 0.4]
		},
		"firstperson_righthand": {
			"rotation": [162.15, -86.53, 129.7],
			"translation": [-1.25, 7.5, 3.5],
			"scale": [0.64, 0.64, 0.64]
		},
		"firstperson_lefthand": {
			"rotation": [-43.5, 83.92, 51.1],
			"translation": [-9, 9.75, 5],
			"scale": [0.56, 0.56, 0.56]
		},
		"ground": {
			"translation": [0, 2, 0],
			"scale": [0.57, 0.57, 0.57]
		},
		"gui": {
			"rotation": [-5.48, 33.5, -42.41],
			"translation": [3, 6, 0]
		},
		"head": {
			"rotation": [-86.51, 1.49, -89.73],
			"translation": [3.5, -4, -9.75],
			"scale": [0.54, 0.54, 0.54]
		},
		"fixed": {
			"rotation": [0, 0, -26],
			"translation": [3, 5.5, 0]
		}
	}
}