{
	"credit": "Made with Blockbench",
	"textures": {
		"0": "./cigar",
		"particle": "./cigar"
	},
	"elements": [
		{
			"from": [3, 0, 7],
			"to": [14, 3, 10],
			"faces": {
				"north": {"uv": [0, 0, 11, 3], "texture": "#0"},
				"east": {"uv": [11, 0, 14, 3], "texture": "#0"},
				"south": {"uv": [0, 3, 11, 6], "texture": "#0"},
				"west": {"uv": [11, 3, 14, 6], "texture": "#0"},
				"up": {"uv": [11, 9, 0, 6], "texture": "#0"},
				"down": {"uv": [11, 9, 0, 12], "texture": "#0"}
			}
		}
	],
	"display": {
		"thirdperson_righthand": {
			"rotation": [-69.69, -17.63, -98.08],
			"translation": [3.25, 1.25, 0.25],
			"scale": [0.5, 0.45, 0.45]
		},
		"thirdperson_lefthand": {
			"rotation": [-19.77, 22.35, 82.93],
			"translation": [-9, 5.75, 11.25],
			"scale": [0.53, 0.53, 0.53]
		},
		"firstperson_righthand": {
			"rotation": [-122.47, -58.68, -133.99],
			"translation": [0.25, 6.5, -0.25]
		},
		"firstperson_lefthand": {
			"rotation": [-70.47, 56.34, 82.39],
			"translation": [-13, 9.5, 2],
			"scale": [1.21, 1.21, 1.21]
		},
		"ground": {
			"translation": [0, 5.75, 0]
		},
		"gui": {
			"rotation": [118.08, 49.94, 177.64],
			"translation": [-0.5, 3.5, 0]
		},
		"head": {
			"rotation": [176.5, -88.75, 180],
			"translation": [0.5, 1.5, -12.5],
			"scale": [0.90039, 0.90039, 0.90039]
		},
		"fixed": {
			"rotation": [-2.66, 1.87, -35.48],
			"translation": [3.5, 4.25, 0]
		}
	}
}