{
	"credit": "Made with Blockbench",
	"texture_size": [32, 32],
	"textures": {
		"0": "./sniperm",
		"particle": "./sniperm"
	},
	"elements": [
		{
			"from": [8, 7.4, -2],
			"to": [10, 9, 8],
			"rotation": {"angle": 0, "axis": "y", "origin": [0, 0, -8]},
			"faces": {
				"north": {"uv": [10, 11.5, 11, 12.25], "texture": "#0"},
				"east": {"uv": [2, 3.5, 7, 4.25], "texture": "#0"},
				"south": {"uv": [11, 11.5, 12, 12.25], "texture": "#0"},
				"west": {"uv": [2, 4.5, 7, 5.25], "texture": "#0"},
				"up": {"uv": [1, 5, 0, 0], "texture": "#0"},
				"down": {"uv": [2, 0, 1, 5], "texture": "#0"}
			}
		},
		{
			"from": [8.88579, 9.3, -2],
			"to": [9.58579, 10, 8],
			"rotation": {"angle": -45, "axis": "z", "origin": [8.58579, 9, 0]},
			"faces": {
				"north": {"uv": [13.5, 7.5, 13.75, 7.75], "texture": "#0"},
				"east": {"uv": [8, 3, 13, 3.25], "texture": "#0"},
				"south": {"uv": [13.5, 8, 13.75, 8.25], "texture": "#0"},
				"west": {"uv": [8, 3.5, 13, 3.75], "texture": "#0"},
				"up": {"uv": [5.25, 11.5, 5, 6.5], "texture": "#0"},
				"down": {"uv": [4.25, 8, 4, 13], "texture": "#0"}
			}
		},
		{
			"from": [8.79497, 8.38076, -2],
			"to": [9.49497, 9.08076, 8],
			"rotation": {"angle": 45, "axis": "z", "origin": [8.49497, 8.08076, 0]},
			"faces": {
				"north": {"uv": [13.5, 8.5, 13.75, 8.75], "texture": "#0"},
				"east": {"uv": [8, 4, 13, 4.25], "texture": "#0"},
				"south": {"uv": [13.5, 9, 13.75, 9.25], "texture": "#0"},
				"west": {"uv": [8, 4.5, 13, 4.75], "texture": "#0"},
				"up": {"uv": [4.75, 13, 4.5, 8], "texture": "#0"},
				"down": {"uv": [2.25, 8.5, 2, 13.5], "texture": "#0"}
			}
		},
		{
			"from": [8.50503, 8.79497, -2],
			"to": [9.50503, 9.49497, 8],
			"rotation": {"angle": 0, "axis": "y", "origin": [9.15503, 8.24497, 0]},
			"faces": {
				"north": {"uv": [13.5, 2.5, 14, 2.75], "texture": "#0"},
				"east": {"uv": [8.5, 2, 13.5, 2.25], "texture": "#0"},
				"south": {"uv": [5, 13.5, 5.5, 13.75], "texture": "#0"},
				"west": {"uv": [8.5, 2.5, 13.5, 2.75], "texture": "#0"},
				"up": {"uv": [6, 10.5, 5.5, 5.5], "texture": "#0"},
				"down": {"uv": [6.5, 5.5, 6, 10.5], "texture": "#0"}
			}
		},
		{
			"from": [7.8, 6.9, -0.5],
			"to": [10.2, 8.5, 6.6],
			"rotation": {"angle": 0, "axis": "y", "origin": [0, 0, -8]},
			"faces": {
				"north": {"uv": [6.5, 9, 7.75, 9.75], "texture": "#0"},
				"east": {"uv": [5, 2, 8.5, 2.75], "texture": "#0"},
				"south": {"uv": [9.5, 5, 10.75, 5.75], "texture": "#0"},
				"west": {"uv": [2, 5.5, 5.5, 6.25], "texture": "#0"},
				"up": {"uv": [3.25, 3.5, 2, 0], "texture": "#0"},
				"down": {"uv": [4.75, 0, 3.5, 3.5], "texture": "#0"}
			}
		},
		{
			"from": [8.2, 7.4, 8],
			"to": [9.8, 9, 17.5],
			"rotation": {"angle": 0, "axis": "y", "origin": [0, 0, -8]},
			"faces": {
				"north": {"uv": [4, 13, 4.75, 13.75], "texture": "#0"},
				"east": {"uv": [5, 0, 9.75, 0.75], "texture": "#0"},
				"south": {"uv": [8.5, 13, 9.25, 13.75], "texture": "#0"},
				"west": {"uv": [5, 1, 9.75, 1.75], "texture": "#0"},
				"up": {"uv": [0.75, 9.75, 0, 5], "texture": "#0"},
				"down": {"uv": [1.75, 5, 1, 9.75], "texture": "#0"}
			}
		},
		{
			"from": [8, 4.36772, 14.14315],
			"to": [10, 8.06772, 15.74315],
			"rotation": {"angle": 22.5, "axis": "x", "origin": [9, 3.31772, 14.94315]},
			"faces": {
				"north": {"uv": [2, 6.5, 3, 8.25], "texture": "#0"},
				"east": {"uv": [7, 3, 7.75, 4.75], "texture": "#0"},
				"south": {"uv": [3, 6.5, 4, 8.25], "texture": "#0"},
				"west": {"uv": [6.5, 7, 7.25, 8.75], "texture": "#0"},
				"up": {"uv": [13, 11.75, 12, 11], "texture": "#0"},
				"down": {"uv": [13, 12, 12, 12.75], "texture": "#0"}
			}
		},
		{
			"from": [8.3, 4.84697, 6.55293],
			"to": [9.7, 7.84697, 7.75293],
			"rotation": {"angle": -22.5, "axis": "x", "origin": [9, 6.09697, 8.05293]},
			"faces": {
				"north": {"uv": [2.5, 8.5, 3.25, 10], "texture": "#0"},
				"east": {"uv": [10, 12.5, 10.5, 14], "texture": "#0"},
				"south": {"uv": [8.5, 5, 9.25, 6.5], "texture": "#0"},
				"west": {"uv": [10.5, 12.5, 11, 14], "texture": "#0"},
				"up": {"uv": [13.75, 12, 13, 11.5], "texture": "#0"},
				"down": {"uv": [12.75, 13, 12, 13.5], "texture": "#0"}
			}
		},
		{
			"from": [8.3, 4.3681, 7.14547],
			"to": [9.7, 5.5681, 10.14547],
			"rotation": {"angle": 0, "axis": "y", "origin": [9, 4.9681, 8.64547]},
			"faces": {
				"north": {"uv": [13, 12, 13.75, 12.5], "texture": "#0"},
				"east": {"uv": [13, 3, 14.5, 3.5], "texture": "#0"},
				"south": {"uv": [13, 12.5, 13.75, 13], "texture": "#0"},
				"west": {"uv": [13, 3.5, 14.5, 4], "texture": "#0"},
				"up": {"uv": [9.25, 8, 8.5, 6.5], "texture": "#0"},
				"down": {"uv": [9.25, 8, 8.5, 9.5], "texture": "#0"}
			}
		},
		{
			"from": [8.3, 4.48352, 9.56516],
			"to": [9.7, 7.88352, 10.76516],
			"rotation": {"angle": 22.5, "axis": "x", "origin": [9, 5.98352, 10.16516]},
			"faces": {
				"north": {"uv": [7.5, 5, 8.25, 6.75], "texture": "#0"},
				"east": {"uv": [3.5, 8.5, 4, 10.25], "texture": "#0"},
				"south": {"uv": [7.5, 7, 8.25, 8.75], "texture": "#0"},
				"west": {"uv": [8, 9, 8.5, 10.75], "texture": "#0"},
				"up": {"uv": [13.75, 13.5, 13, 13], "texture": "#0"},
				"down": {"uv": [0.75, 13.5, 0, 14], "texture": "#0"}
			}
		},
		{
			"from": [6.85, 7.8, 11.5],
			"to": [8.95, 8.8, 14.5],
			"rotation": {"angle": 0, "axis": "y", "origin": [7.375, 8.3, 13]},
			"faces": {
				"north": {"uv": [13, 10.5, 14, 11], "texture": "#0"},
				"east": {"uv": [13, 4, 14.5, 4.5], "texture": "#0"},
				"south": {"uv": [13, 11, 14, 11.5], "texture": "#0"},
				"west": {"uv": [13, 4.5, 14.5, 5], "texture": "#0"},
				"up": {"uv": [5, 8, 4, 6.5], "texture": "#0"},
				"down": {"uv": [7.5, 5.5, 6.5, 7], "texture": "#0"}
			}
		},
		{
			"from": [6.31594, 7.8, 11.81509],
			"to": [7.46399, 8.8, 14.58673],
			"rotation": {"angle": -22.5, "axis": "y", "origin": [7.375, 8.3, 13]},
			"faces": {
				"north": {"uv": [7, 5, 7.5, 5.5], "texture": "#0"},
				"east": {"uv": [13, 6, 14.5, 6.5], "texture": "#0"},
				"south": {"uv": [11.5, 11, 12, 11.5], "texture": "#0"},
				"west": {"uv": [13, 6.5, 14.5, 7], "texture": "#0"},
				"up": {"uv": [11.5, 14, 11, 12.5], "texture": "#0"},
				"down": {"uv": [12, 12.5, 11.5, 14], "texture": "#0"}
			}
		},
		{
			"from": [9.1, 8, 10.1],
			"to": [10.7, 8.4, 10.5],
			"rotation": {"angle": 0, "axis": "y", "origin": [0, 0, -8]},
			"faces": {
				"north": {"uv": [1.5, 13.5, 2.25, 13.75], "texture": "#0"},
				"east": {"uv": [9.5, 13.5, 9.75, 13.75], "texture": "#0"},
				"south": {"uv": [13.5, 1.5, 14.25, 1.75], "texture": "#0"},
				"west": {"uv": [13.5, 9.5, 13.75, 9.75], "texture": "#0"},
				"up": {"uv": [14.25, 2.25, 13.5, 2], "texture": "#0"},
				"down": {"uv": [3.25, 13.5, 2.5, 13.75], "texture": "#0"}
			}
		},
		{
			"from": [8.80503, 8.49497, -9],
			"to": [9.20503, 8.89497, -2],
			"rotation": {"angle": 0, "axis": "y", "origin": [8.20503, 8.69497, -4.45]},
			"faces": {
				"north": {"uv": [13.5, 10, 13.75, 10.25], "texture": "#0"},
				"east": {"uv": [9.5, 6, 13, 6.25], "texture": "#0"},
				"south": {"uv": [12, 13.5, 12.25, 13.75], "texture": "#0"},
				"west": {"uv": [9.5, 6.5, 13, 6.75], "texture": "#0"},
				"up": {"uv": [9.75, 10.5, 9.5, 7], "texture": "#0"},
				"down": {"uv": [8.75, 9.5, 8.5, 13], "texture": "#0"}
			}
		},
		{
			"from": [9.10503, 8.20503, -9],
			"to": [9.50503, 8.60503, -2],
			"rotation": {"angle": 45, "axis": "z", "origin": [8.80503, 7.90503, 1]},
			"faces": {
				"north": {"uv": [12.5, 13.5, 12.75, 13.75], "texture": "#0"},
				"east": {"uv": [10, 0, 13.5, 0.25], "texture": "#0"},
				"south": {"uv": [13, 13.5, 13.25, 13.75], "texture": "#0"},
				"west": {"uv": [10, 0.5, 13.5, 0.75], "texture": "#0"},
				"up": {"uv": [9.25, 13, 9, 9.5], "texture": "#0"},
				"down": {"uv": [0.25, 10, 0, 13.5], "texture": "#0"}
			}
		},
		{
			"from": [8.80503, 7.92929, -9],
			"to": [9.20503, 8.32929, -2],
			"rotation": {"angle": 0, "axis": "y", "origin": [8.20503, 10.12929, -4.45]},
			"faces": {
				"north": {"uv": [13.5, 13.5, 13.75, 13.75], "texture": "#0"},
				"east": {"uv": [10, 1, 13.5, 1.25], "texture": "#0"},
				"south": {"uv": [0, 14, 0.25, 14.25], "texture": "#0"},
				"west": {"uv": [10, 1.5, 13.5, 1.75], "texture": "#0"},
				"up": {"uv": [0.75, 13.5, 0.5, 10], "texture": "#0"},
				"down": {"uv": [1.25, 10, 1, 13.5], "texture": "#0"}
			}
		},
		{
			"from": [8.52218, 8.21213, -9],
			"to": [8.92218, 8.61213, -2],
			"rotation": {"angle": 0, "axis": "y", "origin": [8.92218, 9.41213, -4.45]},
			"faces": {
				"north": {"uv": [14, 0, 14.25, 0.25], "texture": "#0"},
				"east": {"uv": [10, 7, 13.5, 7.25], "texture": "#0"},
				"south": {"uv": [0.5, 14, 0.75, 14.25], "texture": "#0"},
				"west": {"uv": [10, 7.5, 13.5, 7.75], "texture": "#0"},
				"up": {"uv": [1.75, 13.5, 1.5, 10], "texture": "#0"},
				"down": {"uv": [2.75, 10, 2.5, 13.5], "texture": "#0"}
			}
		},
		{
			"from": [9.08787, 8.21213, -9],
			"to": [9.48787, 8.61213, -2],
			"rotation": {"angle": 0, "axis": "y", "origin": [7.48787, 9.41213, -4.45]},
			"faces": {
				"north": {"uv": [14, 0.5, 14.25, 0.75], "texture": "#0"},
				"east": {"uv": [10, 8, 13.5, 8.25], "texture": "#0"},
				"south": {"uv": [1, 14, 1.25, 14.25], "texture": "#0"},
				"west": {"uv": [10, 8.5, 13.5, 8.75], "texture": "#0"},
				"up": {"uv": [3.25, 13.5, 3, 10], "texture": "#0"},
				"down": {"uv": [6.75, 10, 6.5, 13.5], "texture": "#0"}
			}
		},
		{
			"from": [7.94437, 7.57279, -9],
			"to": [8.34437, 7.97279, -2],
			"rotation": {"angle": 45, "axis": "z", "origin": [8.14437, 9.27279, 1]},
			"faces": {
				"north": {"uv": [14, 1, 14.25, 1.25], "texture": "#0"},
				"east": {"uv": [10, 9, 13.5, 9.25], "texture": "#0"},
				"south": {"uv": [1.5, 14, 1.75, 14.25], "texture": "#0"},
				"west": {"uv": [10, 9.5, 13.5, 9.75], "texture": "#0"},
				"up": {"uv": [7.25, 13.5, 7, 10], "texture": "#0"},
				"down": {"uv": [7.75, 10, 7.5, 13.5], "texture": "#0"}
			}
		},
		{
			"from": [9.11508, 7.54645, -9],
			"to": [9.51508, 7.94645, -2],
			"rotation": {"angle": 45, "axis": "z", "origin": [8.21508, 8.04645, 1]},
			"faces": {
				"north": {"uv": [2, 14, 2.25, 14.25], "texture": "#0"},
				"east": {"uv": [10, 10, 13.5, 10.25], "texture": "#0"},
				"south": {"uv": [2.5, 14, 2.75, 14.25], "texture": "#0"},
				"west": {"uv": [9.5, 10.5, 13, 10.75], "texture": "#0"},
				"up": {"uv": [3.75, 14, 3.5, 10.5], "texture": "#0"},
				"down": {"uv": [5.75, 10.5, 5.5, 14], "texture": "#0"}
			}
		},
		{
			"from": [8, 8.67279, -9],
			"to": [8.4, 9.07279, -2],
			"rotation": {"angle": 45, "axis": "z", "origin": [9.3, 9.27279, 1]},
			"faces": {
				"north": {"uv": [14, 2.5, 14.25, 2.75], "texture": "#0"},
				"east": {"uv": [11, 5, 14.5, 5.25], "texture": "#0"},
				"south": {"uv": [3, 14, 3.25, 14.25], "texture": "#0"},
				"west": {"uv": [11, 5.5, 14.5, 5.75], "texture": "#0"},
				"up": {"uv": [6.25, 14, 6, 10.5], "texture": "#0"},
				"down": {"uv": [8.25, 11, 8, 14.5], "texture": "#0"}
			}
		},
		{
			"from": [8.50503, 10.09497, 4.5],
			"to": [9.50503, 11.09497, 8],
			"rotation": {"angle": -45, "axis": "z", "origin": [9.00503, 10.59497, 6.25]},
			"faces": {
				"north": {"uv": [13.5, 0, 14, 0.5], "texture": "#0"},
				"east": {"uv": [5, 3, 6.75, 3.5], "texture": "#0"},
				"south": {"uv": [13.5, 0.5, 14, 1], "texture": "#0"},
				"west": {"uv": [9.5, 11, 11.25, 11.5], "texture": "#0"},
				"up": {"uv": [5.5, 13.25, 5, 11.5], "texture": "#0"},
				"down": {"uv": [10, 11.5, 9.5, 13.25], "texture": "#0"}
			}
		},
		{
			"from": [8.70503, 9.39497, 5.6],
			"to": [9.30503, 10.39497, 6.7],
			"rotation": {"angle": 0, "axis": "y", "origin": [9.00503, 11.99497, 6.25]},
			"faces": {
				"north": {"uv": [6.5, 13.5, 6.75, 14], "texture": "#0"},
				"east": {"uv": [1, 13.5, 1.5, 14], "texture": "#0"},
				"south": {"uv": [7, 13.5, 7.25, 14], "texture": "#0"},
				"west": {"uv": [13.5, 1, 14, 1.5], "texture": "#0"},
				"up": {"uv": [13.75, 7.5, 13.5, 7], "texture": "#0"},
				"down": {"uv": [7.75, 13.5, 7.5, 14], "texture": "#0"}
			}
		},
		{
			"from": [6.80503, 11.69497, 7],
			"to": [7.00503, 11.99497, 7.2],
			"rotation": {"angle": 45, "axis": "z", "origin": [8.80503, 13.41997, 6.1]},
			"faces": {
				"north": {"uv": [3.5, 14, 3.75, 14.25], "texture": "#0"},
				"east": {"uv": [4, 14, 4.25, 14.25], "texture": "#0"},
				"south": {"uv": [4.5, 14, 4.75, 14.25], "texture": "#0"},
				"west": {"uv": [5, 14, 5.25, 14.25], "texture": "#0"},
				"up": {"uv": [5.75, 14.25, 5.5, 14], "texture": "#0"},
				"down": {"uv": [6.25, 14, 6, 14.25], "texture": "#0"}
			}
		},
		{
			"from": [6.70503, 11.89497, 6.9],
			"to": [7.10503, 12.09497, 7.3],
			"rotation": {"angle": 45, "axis": "z", "origin": [8.80503, 13.41997, 6.1]},
			"faces": {
				"north": {"uv": [6.5, 14, 6.75, 14.25], "texture": "#0"},
				"east": {"uv": [7, 14, 7.25, 14.25], "texture": "#0"},
				"south": {"uv": [14, 7, 14.25, 7.25], "texture": "#0"},
				"west": {"uv": [7.5, 14, 7.75, 14.25], "texture": "#0"},
				"up": {"uv": [14.25, 7.75, 14, 7.5], "texture": "#0"},
				"down": {"uv": [14.25, 8, 14, 8.25], "texture": "#0"}
			}
		}
	],
	"display": {
		"thirdperson_righthand": {
			"translation": [-1.75, 1, 0]
		},
		"firstperson_righthand": {
			"rotation": [0, -13.25, 0],
			"translation": [0.5, 3.5, 3]
		},
		"firstperson_lefthand": {
			"rotation": [0, -9.75, 0],
			"translation": [0.5, 3.5, 3]
		},
		"gui": {
			"rotation": [29.75, -32.22, 27.25],
			"translation": [-2.25, 0, 0]
		},
		"fixed": {
			"rotation": [0, 90, 0],
			"translation": [3, 0, 0]
		}
	},
	"groups": [
		{
			"name": "group",
			"origin": [8.80503, 13.41997, 6.1],
			"color": 0,
			"children": [0, 1, 2, 3, 4, 5, 6, 7, 8, 9, 10, 11, 12, 13, 14, 15, 16, 17, 18, 19, 20, 21, 22, 23, 24]
		}
	]
}