{
	"credit": "Made with Blockbench",
	"textures": {
		"0": "./trubkahand",
		"1": "./trubkatea",
		"2": "./tealeaves",
		"3": "./smokeanim1",
		"particle": "./trubkahand"
	},
	"elements": [
		{
			"from": [7.7484, 1, 10.23866],
			"to": [7.7484, 1.4, 11.43866],
			"rotation": {"angle": -45, "axis": "y", "origin": [8.04158, 1.2, 11.07304]},
			"faces": {
				"north": {"uv": [0, 0, 0, 1], "texture": "#2"},
				"east": {"uv": [0, 0, 2, 1], "texture": "#2"},
				"south": {"uv": [0, 0, 0, 1], "texture": "#2"},
				"west": {"uv": [0, 2, 2, 3], "texture": "#2"},
				"up": {"uv": [0, 2, 0, 0], "texture": "#2"},
				"down": {"uv": [0, 0, 0, 2], "texture": "#2"}
			}
		},
		{
			"from": [8.34592, 1.1, 10.31248],
			"to": [8.34592, 1.5, 11.51248],
			"rotation": {"angle": 22.5, "axis": "y", "origin": [8.04158, 1.2, 11.07304]},
			"faces": {
				"north": {"uv": [0, 0, 0, 1], "texture": "#2"},
				"east": {"uv": [2, 0, 4, 1], "texture": "#2"},
				"south": {"uv": [0, 0, 0, 1], "texture": "#2"},
				"west": {"uv": [2, 2, 4, 3], "texture": "#2"},
				"up": {"uv": [0, 2, 0, 0], "texture": "#2"},
				"down": {"uv": [0, 0, 0, 2], "texture": "#2"}
			}
		},
		{
			"from": [7.52961, 1.12795, 10.79911],
			"to": [7.72961, 1.12795, 11.19911],
			"rotation": {"angle": 22.5, "axis": "x", "origin": [8.04158, 1.2, 11.07304]},
			"faces": {
				"north": {"uv": [0, 0, 1, 0], "texture": "#2"},
				"east": {"uv": [0, 0, 1, 0], "texture": "#2"},
				"south": {"uv": [0, 0, 1, 0], "texture": "#2"},
				"west": {"uv": [0, 0, 1, 0], "texture": "#2"},
				"up": {"uv": [1, 5, 0, 4], "texture": "#2"},
				"down": {"uv": [5, 0, 4, 1], "texture": "#2"}
			}
		},
		{
			"from": [8.12961, 1.22795, 10.89911],
			"to": [8.32961, 1.22795, 11.29911],
			"rotation": {"angle": 22.5, "axis": "x", "origin": [8.04158, 1.2, 11.07304]},
			"faces": {
				"north": {"uv": [0, 0, 1, 0], "texture": "#2"},
				"east": {"uv": [0, 0, 1, 0], "texture": "#2"},
				"south": {"uv": [0, 0, 1, 0], "texture": "#2"},
				"west": {"uv": [0, 0, 1, 0], "texture": "#2"},
				"up": {"uv": [3, 5, 2, 4], "texture": "#2"},
				"down": {"uv": [5, 2, 4, 3], "texture": "#2"}
			}
		},
		{
			"from": [7.67388, 1.07196, 11.34609],
			"to": [8.07388, 1.07196, 11.54609],
			"rotation": {"angle": -22.5, "axis": "z", "origin": [8.04158, 1.2, 11.07304]},
			"faces": {
				"north": {"uv": [0, 0, 1, 0], "texture": "#2"},
				"east": {"uv": [0, 0, 1, 0], "texture": "#2"},
				"south": {"uv": [0, 0, 1, 0], "texture": "#2"},
				"west": {"uv": [0, 0, 1, 0], "texture": "#2"},
				"up": {"uv": [5, 5, 4, 4], "texture": "#2"},
				"down": {"uv": [1, 6, 0, 7], "texture": "#2"}
			}
		},
		{
			"from": [8.1528, 0.9, 11.00604],
			"to": [8.1528, 1.3, 11.60604],
			"rotation": {"angle": -22.5, "axis": "y", "origin": [8.04158, 1.2, 11.07304]},
			"faces": {
				"north": {"uv": [0, 0, 0, 1], "texture": "#2"},
				"east": {"uv": [6, 0, 7, 1], "texture": "#2"},
				"south": {"uv": [0, 0, 0, 1], "texture": "#2"},
				"west": {"uv": [2, 6, 3, 7], "texture": "#2"},
				"up": {"uv": [0, 1, 0, 0], "texture": "#2"},
				"down": {"uv": [0, 0, 0, 1], "texture": "#2"}
			}
		},
		{
			"from": [8.14667, 1, 11.25057],
			"to": [8.74667, 1.4, 11.25057],
			"rotation": {"angle": 45, "axis": "y", "origin": [8.04158, 1.2, 11.07304]},
			"faces": {
				"north": {"uv": [6, 2, 7, 3], "texture": "#2"},
				"east": {"uv": [0, 0, 0, 1], "texture": "#2"},
				"south": {"uv": [4, 6, 5, 7], "texture": "#2"},
				"west": {"uv": [0, 0, 0, 1], "texture": "#2"},
				"up": {"uv": [1, 0, 0, 0], "texture": "#2"},
				"down": {"uv": [1, 0, 0, 0], "texture": "#2"}
			}
		},
		{
			"from": [7.87388, 1.27196, 10.64609],
			"to": [8.27388, 1.27196, 10.84609],
			"rotation": {"angle": -22.5, "axis": "z", "origin": [8.04158, 1.2, 11.07304]},
			"faces": {
				"north": {"uv": [0, 0, 1, 0], "texture": "#2"},
				"east": {"uv": [0, 0, 1, 0], "texture": "#2"},
				"south": {"uv": [0, 0, 1, 0], "texture": "#2"},
				"west": {"uv": [0, 0, 1, 0], "texture": "#2"},
				"up": {"uv": [7, 5, 6, 4], "texture": "#2"},
				"down": {"uv": [7, 6, 6, 7], "texture": "#2"}
			}
		},
		{
			"from": [7.87388, 1.17196, 11.04609],
			"to": [8.27388, 1.17196, 11.24609],
			"rotation": {"angle": -22.5, "axis": "z", "origin": [8.04158, 1.2, 11.07304]},
			"faces": {
				"north": {"uv": [0, 0, 1, 0], "texture": "#2"},
				"east": {"uv": [0, 0, 1, 0], "texture": "#2"},
				"south": {"uv": [0, 0, 1, 0], "texture": "#2"},
				"west": {"uv": [0, 0, 1, 0], "texture": "#2"},
				"up": {"uv": [1, 9, 0, 8], "texture": "#2"},
				"down": {"uv": [9, 0, 8, 1], "texture": "#2"}
			}
		},
		{
			"from": [7.36041, 0.9, 10.94431],
			"to": [7.96041, 1.3, 10.94431],
			"rotation": {"angle": -22.5, "axis": "y", "origin": [8.04158, 1.2, 11.07304]},
			"faces": {
				"north": {"uv": [2, 8, 3, 9], "texture": "#2"},
				"east": {"uv": [0, 0, 0, 1], "texture": "#2"},
				"south": {"uv": [8, 2, 9, 3], "texture": "#2"},
				"west": {"uv": [0, 0, 0, 1], "texture": "#2"},
				"up": {"uv": [1, 0, 0, 0], "texture": "#2"},
				"down": {"uv": [1, 0, 0, 0], "texture": "#2"}
			}
		},
		{
			"from": [7.34592, 0.9, 11.21248],
			"to": [7.94592, 1.3, 11.21248],
			"rotation": {"angle": 22.5, "axis": "y", "origin": [8.04158, 1.2, 11.07304]},
			"faces": {
				"north": {"uv": [4, 8, 5, 9], "texture": "#2"},
				"east": {"uv": [0, 0, 0, 1], "texture": "#2"},
				"south": {"uv": [8, 4, 9, 5], "texture": "#2"},
				"west": {"uv": [0, 0, 0, 1], "texture": "#2"},
				"up": {"uv": [1, 0, 0, 0], "texture": "#2"},
				"down": {"uv": [1, 0, 0, 0], "texture": "#2"}
			}
		},
		{
			"from": [7.3, 3, -5],
			"to": [8.7, 4.4, 12],
			"rotation": {"angle": 45, "axis": "x", "origin": [7.7, 3.7, 7]},
			"faces": {
				"north": {"uv": [2, 2, 2.75, 2.75], "texture": "#0"},
				"east": {"uv": [0, 0, 8.5, 0.75], "texture": "#0"},
				"south": {"uv": [2, 3, 2.75, 3.75], "texture": "#0"},
				"west": {"uv": [0, 1, 8.5, 1.75], "texture": "#0"},
				"up": {"uv": [0.75, 10.5, 0, 2], "texture": "#0"},
				"down": {"uv": [1.75, 2, 1, 10.5], "texture": "#0"}
			}
		},
		{
			"from": [7.35, 12, -3.5],
			"to": [8.65, 13, -1],
			"rotation": {"angle": 22.5, "axis": "x", "origin": [8, 12.89239, -2.19239]},
			"faces": {
				"north": {"uv": [5.25, 2, 6, 2.5], "texture": "#0"},
				"east": {"uv": [3, 2.5, 5, 3], "texture": "#0"},
				"south": {"uv": [5.25, 2.5, 5.9, 3], "texture": "#0"},
				"west": {"uv": [3, 2, 5, 2.5], "texture": "#0"},
				"up": {"uv": [2, 4, 2.75, 6], "texture": "#0"},
				"down": {"uv": [2, 6.25, 2.75, 8.25], "texture": "#0"}
			}
		},
		{
			"from": [7.45, 12.2, -4.5],
			"to": [8.55, 12.8, -3.5],
			"rotation": {"angle": 22.5, "axis": "x", "origin": [8, 12.89239, -2.19239]},
			"faces": {
				"north": {"uv": [5.25, 2, 6, 2.5], "texture": "#0"},
				"east": {"uv": [3, 2.5, 5, 3], "texture": "#0"},
				"south": {"uv": [5.25, 2.5, 5.9, 3], "texture": "#0"},
				"west": {"uv": [3, 2, 5, 2.5], "texture": "#0"},
				"up": {"uv": [2, 4, 2.75, 6], "texture": "#0"},
				"down": {"uv": [2, 6.25, 2.75, 8.25], "texture": "#0"}
			}
		},
		{
			"from": [7.35, 12, -5],
			"to": [8.65, 13, -4.5],
			"rotation": {"angle": 22.5, "axis": "x", "origin": [8, 12.89239, -2.19239]},
			"faces": {
				"north": {"uv": [5.25, 2, 6, 2.5], "texture": "#0"},
				"east": {"uv": [3, 2.5, 5, 3], "texture": "#0"},
				"south": {"uv": [5.25, 2.5, 5.9, 3], "texture": "#0"},
				"west": {"uv": [3, 2, 5, 2.5], "texture": "#0"},
				"up": {"uv": [2, 4, 2.75, 6], "texture": "#0"},
				"down": {"uv": [2, 6.25, 2.75, 8.25], "texture": "#0"}
			}
		},
		{
			"from": [7, 3, 4.75],
			"to": [9, 6, 6.75],
			"rotation": {"angle": -45, "axis": "x", "origin": [8, 5, 6]},
			"faces": {
				"north": {"uv": [2, 11.5, 3, 13], "texture": "#0"},
				"east": {"uv": [3.25, 11.5, 4.25, 13], "texture": "#0"},
				"south": {"uv": [3.25, 8.5, 4.25, 10], "texture": "#0"},
				"west": {"uv": [2, 8.5, 3, 10], "texture": "#0"},
				"up": {"uv": [3.25, 10.25, 4.25, 11.25], "texture": "#0"},
				"down": {"uv": [2, 10.25, 3, 11.25], "texture": "#0"}
			}
		},
		{
			"from": [7, -0.3, 10],
			"to": [9, 1.2, 12],
			"rotation": {"angle": 0, "axis": "y", "origin": [0.1, 0, 0]},
			"faces": {
				"north": {"uv": [2, 0, 4, 1.5], "texture": "#1"},
				"east": {"uv": [2, 2, 4, 3.5], "texture": "#1"},
				"south": {"uv": [0, 4, 2, 5.5], "texture": "#1"},
				"west": {"uv": [4, 0, 6, 1.5], "texture": "#1"},
				"up": {"uv": [2, 2, 0, 0], "texture": "#1"},
				"down": {"uv": [2, 2, 0, 4], "texture": "#1"}
			}
		},
		{
			"from": [8.6, 1.2, 10],
			"to": [9, 1.7, 11.6],
			"faces": {
				"north": {"uv": [6, 7, 6.5, 7.5], "texture": "#1"},
				"east": {"uv": [6, 4, 7.5, 4.5], "texture": "#1"},
				"south": {"uv": [7, 6, 7.5, 6.5], "texture": "#1"},
				"west": {"uv": [5, 6, 6.5, 6.5], "texture": "#1"},
				"up": {"uv": [7.5, 1.5, 7, 0], "texture": "#1"},
				"down": {"uv": [1.5, 7, 1, 8.5], "texture": "#1"}
			}
		},
		{
			"from": [7.4, 1.2, 11.6],
			"to": [9, 1.7, 12],
			"rotation": {"angle": 0, "axis": "y", "origin": [8, 1, 11]},
			"faces": {
				"north": {"uv": [1, 6, 2.5, 6.5], "texture": "#1"},
				"east": {"uv": [5, 7, 5.5, 7.5], "texture": "#1"},
				"south": {"uv": [6, 2, 7.5, 2.5], "texture": "#1"},
				"west": {"uv": [7, 5, 7.5, 5.5], "texture": "#1"},
				"up": {"uv": [4.5, 6.5, 3, 6], "texture": "#1"},
				"down": {"uv": [7.5, 3, 6, 3.5], "texture": "#1"}
			}
		},
		{
			"from": [7, 1.2, 10.4],
			"to": [7.4, 1.7, 12],
			"rotation": {"angle": 0, "axis": "y", "origin": [8, 1, 11]},
			"faces": {
				"north": {"uv": [3, 7, 3.5, 7.5], "texture": "#1"},
				"east": {"uv": [2, 5, 3.5, 5.5], "texture": "#1"},
				"south": {"uv": [4, 7, 4.5, 7.5], "texture": "#1"},
				"west": {"uv": [4, 5, 5.5, 5.5], "texture": "#1"},
				"up": {"uv": [0.5, 7.5, 0, 6], "texture": "#1"},
				"down": {"uv": [6.5, 0, 6, 1.5], "texture": "#1"}
			}
		},
		{
			"from": [7, 1.2, 10],
			"to": [8.6, 1.7, 10.4],
			"rotation": {"angle": 0, "axis": "y", "origin": [8, 1, 11]},
			"faces": {
				"north": {"uv": [2, 4, 3.5, 4.5], "texture": "#1"},
				"east": {"uv": [6, 5, 6.5, 5.5], "texture": "#1"},
				"south": {"uv": [4, 2, 5.5, 2.5], "texture": "#1"},
				"west": {"uv": [2, 7, 2.5, 7.5], "texture": "#1"},
				"up": {"uv": [5.5, 3.5, 4, 3], "texture": "#1"},
				"down": {"uv": [5.5, 4, 4, 4.5], "texture": "#1"}
			}
		},
		{
			"from": [6.6, 1.7, 11],
			"to": [9.6, 9.7, 11],
			"rotation": {"angle": 0, "axis": "y", "origin": [8.1, 5.7, 11]},
			"faces": {
				"north": {"uv": [2, 0, 5, 8], "texture": "#3"},
				"east": {"uv": [0, 0, 0, 8], "texture": "#3"},
				"south": {"uv": [5, 0, 8, 8], "texture": "#3"},
				"west": {"uv": [0, 0, 0, 8], "texture": "#3"},
				"up": {"uv": [0, 5, 0, 0], "rotation": 270, "texture": "#3"},
				"down": {"uv": [0, 0, 0, 5], "rotation": 90, "texture": "#3"}
			}
		},
		{
			"from": [7.8, 1.7, 9.5],
			"to": [7.8, 9.7, 12.5],
			"faces": {
				"north": {"uv": [0, 0, 0, 8], "texture": "#3"},
				"east": {"uv": [2, 0, 5, 8], "texture": "#3"},
				"south": {"uv": [0, 0, 0, 8], "texture": "#3"},
				"west": {"uv": [5, 0, 8, 8], "texture": "#3"},
				"up": {"uv": [0, 5, 0, 0], "texture": "#3"},
				"down": {"uv": [0, 0, 0, 5], "texture": "#3"}
			}
		}
	],
	"display": {
		"thirdperson_righthand": {
			"rotation": [-134, 0, -180],
			"translation": [-6, 7, 1.5],
			"scale": [0.79, 0.79, 0.79]
		},
		"thirdperson_lefthand": {
			"rotation": [-148, 0, -180],
			"translation": [0, 1.75, -4.75],
			"scale": [0.79, 0.79, 0.79]
		},
		"firstperson_righthand": {
			"rotation": [-171, 0.75, -180],
			"translation": [-8.75, 1.75, -5.25]
		},
		"firstperson_lefthand": {
			"rotation": [-180, 0.25, -180],
			"translation": [-1.75, 0.5, -7]
		},
		"ground": {
			"translation": [0, 5, 0]
		},
		"gui": {
			"rotation": [7.09, -43.35, -13.43],
			"translation": [-3, 1, 0]
		},
		"head": {
			"rotation": [-180, -0.25, -180],
			"translation": [0, -9.5, -19.25]
		},
		"fixed": {
			"rotation": [-180, 90, -180],
			"translation": [4.25, 0.75, 0]
		}
	},
	"groups": [
		{
			"name": "group",
			"origin": [8, 1.2, 10.7],
			"color": 0,
			"children": [0, 1, 2, 3, 4, 5, 6, 7, 8, 9, 10]
		},
		11,
		12,
		13,
		14,
		15,
		16,
		17,
		18,
		19,
		20,
		21,
		22
	]
}