{
	"credit": "Made with Blockbench",
	"textures": {
		"0": "./cpg1up",
		"1": "./cpg1hand",
		"2": "./cpg1details",
		"3": "./cpg1hand2",
		"particle": "./cpg1up"
	},
	"elements": [
		{
			"from": [7.05, 0, -4.7],
			"to": [8.95, 2, 3.3],
			"rotation": {"angle": 22.5, "axis": "x", "origin": [8, 1, 3]},
			"faces": {
				"north": {"uv": [8, 11, 9.9, 13], "texture": "#1"},
				"east": {"uv": [0, 11, 8, 13], "texture": "#1"},
				"south": {"uv": [8, 9, 9.9, 11], "texture": "#1"},
				"west": {"uv": [0, 9, 8, 11], "texture": "#1"},
				"up": {"uv": [14, 0, 15.9, 8], "texture": "#1"},
				"down": {"uv": [12, 0, 13.9, 8], "texture": "#1"}
			}
		},
		{
			"from": [7, 3, -5],
			"to": [9, 7, -2],
			"rotation": {"angle": 0, "axis": "y", "origin": [0, 0, -4]},
			"faces": {
				"north": {"uv": [15, 12, 16, 14], "texture": "#0"},
				"east": {"uv": [14.5, 14, 16, 16], "texture": "#0"},
				"south": {"uv": [15, 10, 16, 12], "texture": "#0"},
				"west": {"uv": [13, 14, 14.5, 16], "texture": "#0"},
				"up": {"uv": [14, 12.5, 15, 14], "texture": "#0"},
				"down": {"uv": [14, 11, 15, 12.5], "texture": "#0"}
			}
		},
		{
			"from": [7, 3, -7],
			"to": [9, 10, -5],
			"rotation": {"angle": 0, "axis": "y", "origin": [0, 0, -4]},
			"faces": {
				"north": {"uv": [0, 0, 2, 7], "texture": "#1"},
				"east": {"uv": [2, 0, 4, 7], "texture": "#1"},
				"south": {"uv": [4, 0, 6, 7], "texture": "#1"},
				"west": {"uv": [6, 0, 8, 7], "texture": "#1"},
				"up": {"uv": [2, 9, 0, 7], "texture": "#1"},
				"down": {"uv": [4, 7, 2, 9], "texture": "#1"}
			}
		},
		{
			"from": [7, 0, 2],
			"to": [9, 7, 4],
			"rotation": {"angle": 0, "axis": "y", "origin": [0, 0, -4]},
			"faces": {
				"north": {"uv": [10, 7, 12, 14], "texture": "#1"},
				"east": {"uv": [8, 7, 10, 14], "texture": "#1"},
				"south": {"uv": [8, 0, 10, 7], "texture": "#1"},
				"west": {"uv": [10, 0, 12, 7], "texture": "#1"},
				"up": {"uv": [10, 14, 12, 16], "texture": "#1"},
				"down": {"uv": [8, 14, 10, 16], "texture": "#1"}
			}
		},
		{
			"from": [7, 7, -5],
			"to": [9, 10, 20],
			"rotation": {"angle": 0, "axis": "y", "origin": [0, 0, -4]},
			"faces": {
				"north": {"uv": [10, 4, 11, 5.5], "texture": "#0"},
				"east": {"uv": [2, 4, 10, 5.5], "texture": "#0"},
				"south": {"uv": [11, 4, 12, 5.5], "texture": "#0"},
				"west": {"uv": [2, 5.5, 10, 7], "texture": "#0"},
				"up": {"uv": [2, 7, 3, 15], "texture": "#0"},
				"down": {"uv": [3, 7, 4, 15], "texture": "#0"}
			}
		},
		{
			"from": [7.05, 0, 7],
			"to": [8.95, 8, 9],
			"rotation": {"angle": -22.5, "axis": "x", "origin": [8, 3.5, 7]},
			"faces": {
				"north": {"uv": [0, 0, 2, 8], "texture": "#3"},
				"east": {"uv": [2, 0, 4, 8], "texture": "#3"},
				"south": {"uv": [4, 0, 6, 8], "texture": "#3"},
				"west": {"uv": [6, 0, 8, 8], "texture": "#3"},
				"up": {"uv": [2, 10, 0, 8], "texture": "#3"},
				"down": {"uv": [10, 0, 8, 2], "texture": "#3"}
			}
		},
		{
			"from": [7.05, 1.35, 13.4],
			"to": [8.95, 9.35, 15.4],
			"rotation": {"angle": 22.5, "axis": "x", "origin": [8, 5.87536, 11.42806]},
			"faces": {
				"north": {"uv": [8, 8, 9.9, 16], "texture": "#3"},
				"east": {"uv": [6, 8, 8, 16], "texture": "#3"},
				"south": {"uv": [4, 8, 5.9, 16], "texture": "#3"},
				"west": {"uv": [2, 8, 4, 16], "texture": "#3"},
				"up": {"uv": [0, 14, 1.9, 16], "texture": "#3"},
				"down": {"uv": [0, 12, 1.9, 14], "texture": "#3"}
			}
		},
		{
			"from": [7, 0, 8.4],
			"to": [9, 2, 13.4],
			"faces": {
				"north": {"uv": [8, 4, 10, 6], "texture": "#3"},
				"east": {"uv": [11, 0, 16, 2], "texture": "#3"},
				"south": {"uv": [8, 2, 10, 4], "texture": "#3"},
				"west": {"uv": [11, 2, 16, 4], "texture": "#3"},
				"up": {"uv": [14, 4, 16, 9], "texture": "#3"},
				"down": {"uv": [12, 4, 14, 9], "texture": "#3"}
			}
		},
		{
			"from": [7, 10, 6],
			"to": [9, 12, 31],
			"faces": {
				"north": {"uv": [2, 2, 3, 3], "texture": "#0"},
				"east": {"uv": [0, 0, 12.5, 1], "texture": "#0"},
				"south": {"uv": [2, 3, 3, 4], "texture": "#0"},
				"west": {"uv": [0, 1, 12.5, 2], "texture": "#0"},
				"up": {"uv": [1, 14.5, 0, 2], "texture": "#0"},
				"down": {"uv": [2, 2, 1, 14.5], "texture": "#0"}
			}
		},
		{
			"from": [7.05, 8, 4],
			"to": [8.95, 10, 7.4],
			"rotation": {"angle": -45, "axis": "x", "origin": [8, 11, 5]},
			"faces": {
				"north": {"uv": [0, 0, 1.9, 2], "texture": "#missing"},
				"east": {"uv": [13.5, 8, 15, 9], "texture": "#0"},
				"south": {"uv": [0, 0, 1.9, 2], "texture": "#missing"},
				"west": {"uv": [13.5, 9, 15, 10], "texture": "#0"},
				"up": {"uv": [15, 8.5, 15.95, 10], "texture": "#0"},
				"down": {"uv": [0, 0, 1.9, 3], "texture": "#missing"}
			}
		},
		{
			"from": [8, 5, 4],
			"to": [8, 7, 7],
			"faces": {
				"north": {"uv": [0, 0, 0, 2], "texture": "#missing"},
				"east": {"uv": [0, 8, 3, 10], "texture": "#2"},
				"south": {"uv": [0, 0, 0, 2], "texture": "#missing"},
				"west": {"uv": [0, 6, 3, 8], "texture": "#2"},
				"up": {"uv": [0, 0, 0, 3], "texture": "#missing"},
				"down": {"uv": [0, 0, 0, 3], "texture": "#missing"}
			}
		},
		{
			"from": [7, 8, 20],
			"to": [9, 10, 24],
			"faces": {
				"north": {"uv": [13, 0, 14, 1], "texture": "#0"},
				"east": {"uv": [14, 0, 16, 1], "texture": "#0"},
				"south": {"uv": [13, 1, 14, 2], "texture": "#0"},
				"west": {"uv": [14, 1, 16, 2], "texture": "#0"},
				"up": {"uv": [11, 14, 12, 16], "texture": "#0"},
				"down": {"uv": [12, 14, 13, 16], "texture": "#0"}
			}
		},
		{
			"from": [7.05, 9, 23],
			"to": [8.95, 11, 24.4],
			"rotation": {"angle": 45, "axis": "x", "origin": [8, 9, 23]},
			"faces": {
				"north": {"uv": [5, 4, 6.9, 6], "texture": "#2"},
				"east": {"uv": [9, 2, 10.4, 4], "texture": "#2"},
				"south": {"uv": [5, 2, 6.9, 4], "texture": "#2"},
				"west": {"uv": [7, 2, 8.4, 4], "texture": "#2"},
				"up": {"uv": [9, 0, 10.9, 1.4], "texture": "#2"},
				"down": {"uv": [7, 0, 8.9, 1.4], "texture": "#2"}
			}
		},
		{
			"from": [6.8, 6.9, 3.5],
			"to": [9.2, 9.2, 6.5],
			"faces": {
				"north": {"uv": [0, 4, 2, 6], "texture": "#2"},
				"east": {"uv": [0, 0, 3, 2], "texture": "#2"},
				"south": {"uv": [5, 0, 7, 2], "texture": "#2"},
				"west": {"uv": [0, 2, 3, 4], "texture": "#2"},
				"up": {"uv": [5, 3, 3, 0], "texture": "#2"},
				"down": {"uv": [5, 3, 3, 6], "texture": "#2"}
			}
		},
		{
			"from": [6.8, 6.9, 10],
			"to": [9.2, 9.1, 18],
			"faces": {
				"north": {"uv": [11, 8, 13.4, 10.2], "texture": "#2"},
				"east": {"uv": [0, 13.8, 8, 16], "texture": "#2"},
				"south": {"uv": [13.6, 8, 16, 10.2], "texture": "#2"},
				"west": {"uv": [8, 13.8, 16, 16], "texture": "#2"},
				"up": {"uv": [13.6, 0, 16, 8], "texture": "#2"},
				"down": {"uv": [11, 0, 13.4, 8], "texture": "#2"}
			}
		}
	],
	"display": {
		"thirdperson_righthand": {
			"rotation": [180, 0, -180],
			"translation": [0, 0.75, -1.25],
			"scale": [0.41, 0.41, 0.41]
		},
		"thirdperson_lefthand": {
			"rotation": [180, 0, -180],
			"translation": [0, 0.75, -1],
			"scale": [0.41, 0.41, 0.41]
		},
		"firstperson_righthand": {
			"rotation": [-179.8, 9, -178.29],
			"translation": [3.25, 2, -2.5],
			"scale": [0.71, 0.71, 0.71]
		},
		"firstperson_lefthand": {
			"rotation": [-179.8, 9, -178.29],
			"translation": [3.25, 2, -2.5],
			"scale": [0.71, 0.71, 0.71]
		},
		"ground": {
			"rotation": [0, 0, -90],
			"translation": [0, -1, 0],
			"scale": [0.74, 0.74, 0.74]
		},
		"gui": {
			"rotation": [-149.14, 52.8, 161.98],
			"translation": [-1.75, -0.75, 0],
			"scale": [0.65, 0.65, 0.65]
		},
		"fixed": {
			"rotation": [0, -90, 0],
			"translation": [2.25, 0, -0.75]
		}
	}
}