{
	"credit": "Made with Blockbench",
	"texture_size": [32, 32],
	"textures": {
		"0": "./pd",
		"particle": "./pd"
	},
	"elements": [
		{
			"from": [7.4, 0, 9.1],
			"to": [9, 20.3, 10.7],
			"rotation": {"angle": 0, "axis": "y", "origin": [8.2, 8.525, 8.85]},
			"faces": {
				"north": {"uv": [2, 0, 3, 10], "texture": "#0"},
				"east": {"uv": [3, 0, 4, 10], "texture": "#0"},
				"south": {"uv": [0, 0, 1, 10], "texture": "#0"},
				"west": {"uv": [1, 0, 2, 10], "texture": "#0"},
				"up": {"uv": [5, 6, 4, 5], "rotation": 180, "texture": "#0"},
				"down": {"uv": [6, 5, 5, 6], "rotation": 180, "texture": "#0"}
			}
		},
		{
			"from": [7.3, 6, 4.85],
			"to": [9.1, 7.8, 10.75],
			"rotation": {"angle": 0, "axis": "y", "origin": [8.2, 8.525, 8.85]},
			"faces": {
				"north": {"uv": [6, 3, 7, 4], "texture": "#0"},
				"east": {"uv": [4, 1, 7, 2], "texture": "#0"},
				"south": {"uv": [6, 2, 7, 3], "texture": "#0"},
				"west": {"uv": [4, 0, 7, 1], "texture": "#0"},
				"up": {"uv": [5, 5, 4, 2], "rotation": 180, "texture": "#0"},
				"down": {"uv": [6, 2, 5, 5], "rotation": 180, "texture": "#0"}
			}
		}
	],
	"display": {
		"thirdperson_righthand": {
			"translation": [0, 2.5, -1.25]
		},
		"thirdperson_lefthand": {
			"translation": [0, 2.5, -0.25]
		},
		"firstperson_righthand": {
			"translation": [0, 2, 0]
		},
		"firstperson_lefthand": {
			"translation": [0, 2, 0]
		},
		"ground": {
			"rotation": [-90, 90, 0]
		},
		"gui": {
			"rotation": [90.11, 53.77, -90.28],
			"translation": [-3, 0, 0]
		},
		"fixed": {
			"rotation": [0, -90, 0],
			"translation": [0, -1.75, -1]
		}
	}
}