{
	"credit": "Made with Blockbench",
	"texture_size": [32, 32],
	"textures": {
		"0": "./garda",
		"1": "./cxdblade",
		"2": "./cxdhand",
		"3": "./cxdsheath",
		"particle": "./garda"
	},
	"elements": [
		{
			"from": [8, 0, 7],
			"to": [9, 7, 8.5],
			"faces": {
				"north": {"uv": [8, 0, 10, 14], "texture": "#2"},
				"east": {"uv": [0, 0, 3, 14], "texture": "#2"},
				"south": {"uv": [10, 0, 12, 14], "texture": "#2"},
				"west": {"uv": [4, 0, 7, 14], "texture": "#2"},
				"up": {"uv": [14, 3, 12, 0], "texture": "#2"},
				"down": {"uv": [14, 4, 12, 7], "texture": "#2"}
			}
		},
		{
			"from": [8.3, 7, 7],
			"to": [8.7, 27, 8],
			"faces": {
				"north": {"uv": [1, 0, 1.25, 10], "texture": "#1"},
				"east": {"uv": [0, 0, 0.5, 10], "texture": "#1"},
				"south": {"uv": [1.5, 0, 1.75, 10], "texture": "#1"},
				"west": {"uv": [0.5, 0, 1, 10], "texture": "#1"},
				"up": {"uv": [2.25, 0.5, 2, 0], "texture": "#1"},
				"down": {"uv": [2.25, 0.5, 2, 1], "texture": "#1"}
			}
		},
		{
			"from": [8.3, 24, 6.75],
			"to": [8.7, 27, 7],
			"rotation": {"angle": 0, "axis": "x", "origin": [8.5, 25.5, 6.875]},
			"faces": {
				"north": {"uv": [12.25, 0, 12.45, 1.5], "texture": "#1"},
				"east": {"uv": [11.75, 0, 11.875, 1.5], "texture": "#1"},
				"south": {"uv": [0, 0, 0.2, 1.5], "texture": "#missing"},
				"west": {"uv": [11.5, 0, 11.625, 1.5], "texture": "#1"},
				"up": {"uv": [11.5, 1.75, 11.7, 1.875], "texture": "#1"},
				"down": {"uv": [11.75, 1.75, 11.95, 1.875], "texture": "#1"}
			}
		},
		{
			"from": [8.3, 29.5, 6.3],
			"to": [8.7, 32, 7.3],
			"rotation": {"angle": -22.5, "axis": "x", "origin": [8.5, 31, 7]},
			"faces": {
				"north": {"uv": [15.05, 7.5, 15.25, 8.75], "texture": "#1"},
				"east": {"uv": [15, 6, 15.5, 7.25], "texture": "#1"},
				"south": {"uv": [14.75, 7.5, 14.95, 8.75], "texture": "#1"},
				"west": {"uv": [15.5, 6, 16, 7.25], "texture": "#1"},
				"up": {"uv": [15.5, 7.5, 15.7, 8], "texture": "#1"},
				"down": {"uv": [15.8, 7.5, 16, 8], "texture": "#1"}
			}
		},
		{
			"from": [7, 7, 6],
			"to": [10, 7, 9.5],
			"faces": {
				"north": {"uv": [0, 0, 6, 0], "texture": "#0"},
				"east": {"uv": [0, 0, 7, 0], "texture": "#0"},
				"south": {"uv": [0, 0, 6, 0], "texture": "#0"},
				"west": {"uv": [0, 0, 7, 0], "texture": "#0"},
				"up": {"uv": [6, 7, 0, 0], "texture": "#0"},
				"down": {"uv": [6, 0, 0, 7], "texture": "#0"}
			}
		},
		{
			"from": [8.5, 7, 8],
			"to": [8.5, 29.16, 8.5],
			"faces": {
				"north": {"uv": [0, 0, 0, 4], "texture": "#missing"},
				"east": {"uv": [2.75, 0, 3, 4], "texture": "#1"},
				"south": {"uv": [0, 0, 0, 4], "texture": "#missing"},
				"west": {"uv": [4, 0, 3.75, 4], "texture": "#1"},
				"up": {"uv": [0, 0, 0, 0.25], "texture": "#missing"},
				"down": {"uv": [0, 0, 0, 0.25], "texture": "#missing"}
			}
		},
		{
			"from": [8.5, 28.9, 7.8],
			"to": [8.5, 32, 8.3],
			"rotation": {"angle": -22.5, "axis": "x", "origin": [8.5, 29.5, 7.75]},
			"faces": {
				"north": {"uv": [0, 0, 0, 1.5], "texture": "#missing"},
				"east": {"uv": [15.25, 4.5, 15.5, 6], "texture": "#1"},
				"south": {"uv": [0, 0, 0, 1.5], "texture": "#missing"},
				"west": {"uv": [15.75, 4.5, 16, 6], "texture": "#1"},
				"up": {"uv": [0, 0, 0, 0.25], "texture": "#missing"},
				"down": {"uv": [0, 0, 0, 0.25], "texture": "#missing"}
			}
		},
		{
			"from": [8, 7.5, 6.7],
			"to": [9, 29, 8.7],
			"faces": {
				"north": {"uv": [2, 0, 2.5, 10.75], "texture": "#3"},
				"east": {"uv": [0, 0, 1, 10.75], "texture": "#3"},
				"south": {"uv": [2.5, 0, 3, 10.75], "texture": "#3"},
				"west": {"uv": [1, 0, 2, 10.75], "texture": "#3"},
				"up": {"uv": [3.5, 1, 3, 0], "texture": "#3"},
				"down": {"uv": [3.5, 1, 3, 2], "texture": "#3"}
			}
		},
		{
			"from": [8.1, 28, 7.3],
			"to": [8.9, 32, 9.3],
			"rotation": {"angle": -22.5, "axis": "x", "origin": [8.5, 27, 7.5]},
			"faces": {
				"north": {"uv": [6.75, 0, 7.25, 2], "texture": "#3"},
				"east": {"uv": [4.75, 0, 5.75, 2], "texture": "#3"},
				"south": {"uv": [6, 0, 6.5, 2], "texture": "#3"},
				"west": {"uv": [3.75, 0, 4.75, 2], "texture": "#3"},
				"up": {"uv": [7.25, 0, 7.75, 1], "texture": "#3"},
				"down": {"uv": [7.25, 1, 7.75, 2], "texture": "#3"}
			}
		}
	],
	"display": {
		"thirdperson_righthand": {
			"rotation": [180, 0, -180],
			"translation": [0.75, 2.25, 0.25]
		},
		"thirdperson_lefthand": {
			"rotation": [180, 0, 0],
			"translation": [0.5, 0, 0]
		},
		"firstperson_righthand": {
			"rotation": [173.25, 2.74, -179.61],
			"translation": [3, 2, -2]
		},
		"firstperson_lefthand": {
			"rotation": [141.68, 24.75, -3.01],
			"translation": [6.25, -1, -3]
		},
		"ground": {
			"rotation": [0, 0, 90],
			"translation": [7.5, 0, 0]
		},
		"gui": {
			"rotation": [-51.1, -20.52, 129.23],
			"translation": [4, 4, 0],
			"scale": [0.75586, 0.75586, 0.75586]
		},
		"head": {
			"rotation": [129.75, 0, 180],
			"translation": [0, 7.75, -10.25]
		},
		"fixed": {
			"rotation": [-180, 0, 180],
			"translation": [2.25, -14, -16.75],
			"scale": [2.45117, 2.45117, 2.45117]
		}
	}
}