{
	"credit": "Made with Blockbench",
	"texture_size": [4, 4],
	"textures": {
		"0": "./doomguyblade",
		"1": "./dmgyspikes",
		"2": "./dmgrune",
		"3": "./dmghand",
		"6": "./dmghorns",
		"particle": "./doomguyblade"
	},
	"elements": [
		{
			"from": [7, 0, 7],
			"to": [9, 2, 9],
			"rotation": {"angle": 0, "axis": "y", "origin": [8, 0, 8]},
			"color": 6,
			"faces": {
				"north": {"uv": [64, 80, 72, 88], "texture": "#missing"},
				"east": {"uv": [56, 80, 64, 88], "texture": "#missing"},
				"south": {"uv": [80, 80, 88, 88], "texture": "#missing"},
				"west": {"uv": [72, 80, 80, 88], "texture": "#missing"},
				"up": {"uv": [72, 80, 64, 72], "texture": "#missing"},
				"down": {"uv": [80, 72, 72, 80], "texture": "#missing"}
			}
		},
		{
			"from": [7, 8, 7],
			"to": [9, 10, 9],
			"rotation": {"angle": 0, "axis": "y", "origin": [8, 0, 8]},
			"faces": {
				"north": {"uv": [0, 0, 4, 4], "texture": "#2"},
				"east": {"uv": [0, 4, 4, 8], "texture": "#2"},
				"south": {"uv": [4, 0, 8, 4], "texture": "#2"},
				"west": {"uv": [4, 4, 8, 8], "texture": "#2"},
				"up": {"uv": [4, 12, 0, 8], "texture": "#2"},
				"down": {"uv": [12, 0, 8, 4], "texture": "#2"}
			}
		},
		{
			"from": [7.5, 2, 7.5],
			"to": [8.5, 13.5, 8.5],
			"rotation": {"angle": 0, "axis": "y", "origin": [8, 0, 8]},
			"faces": {
				"north": {"uv": [0, 0, 1, 11.5], "texture": "#3"},
				"east": {"uv": [1, 0, 2, 11.5], "texture": "#3"},
				"south": {"uv": [2, 0, 3, 11.5], "texture": "#3"},
				"west": {"uv": [3, 0, 4, 11.5], "texture": "#3"},
				"up": {"uv": [5, 1, 4, 0], "texture": "#3"},
				"down": {"uv": [5, 1, 4, 2], "texture": "#3"}
			}
		},
		{
			"from": [4, 10.5, 7.6],
			"to": [8, 11.5, 8.4],
			"rotation": {"angle": 22.5, "axis": "z", "origin": [6, 11, 8]},
			"color": 8,
			"faces": {
				"north": {"uv": [76, 0, 92, 4], "texture": "#missing"},
				"east": {"uv": [76, 0, 76, 4], "texture": "#missing"},
				"south": {"uv": [92, 0, 108, 4], "texture": "#missing"},
				"west": {"uv": [92, 0, 92, 4], "texture": "#missing"},
				"up": {"uv": [92, 0, 76, 0], "texture": "#missing"},
				"down": {"uv": [108, 0, 92, 0], "texture": "#missing"}
			}
		},
		{
			"from": [6, 12.5, 7.6],
			"to": [8, 13.5, 8.4],
			"rotation": {"angle": -45, "axis": "z", "origin": [7, 13, 8]},
			"faces": {
				"north": {"uv": [0, 0, 8, 4], "texture": "#6"},
				"east": {"uv": [8, 4, 11, 8], "texture": "#6"},
				"south": {"uv": [0, 4, 8, 8], "texture": "#6"},
				"west": {"uv": [8, 8, 11, 12], "texture": "#6"},
				"up": {"uv": [8, 11, 0, 8], "texture": "#6"},
				"down": {"uv": [16, 0, 8, 3], "texture": "#6"}
			}
		},
		{
			"from": [8, 12.5, 7.6],
			"to": [10, 13.5, 8.4],
			"rotation": {"angle": 45, "axis": "z", "origin": [9, 13, 8]},
			"faces": {
				"north": {"uv": [0, 4, 8, 8], "texture": "#6"},
				"east": {"uv": [8, 4, 11, 8], "texture": "#6"},
				"south": {"uv": [0, 0, 8, 4], "texture": "#6"},
				"west": {"uv": [12.8, 12, 16, 16], "texture": "#missing"},
				"up": {"uv": [16, 0, 8, 3], "texture": "#6"},
				"down": {"uv": [16, 0, 8, 3], "texture": "#6"}
			}
		},
		{
			"from": [8, 10.5, 7.6],
			"to": [12, 11.5, 8.4],
			"rotation": {"angle": -22.5, "axis": "z", "origin": [10, 11, 8]},
			"color": 0,
			"faces": {
				"north": {"uv": [64, 8, 80, 12], "texture": "#missing"},
				"east": {"uv": [64, 8, 64, 12], "texture": "#missing"},
				"south": {"uv": [80, 8, 96, 12], "texture": "#missing"},
				"west": {"uv": [80, 8, 80, 12], "texture": "#missing"},
				"up": {"uv": [80, 8, 64, 8], "texture": "#missing"},
				"down": {"uv": [96, 8, 80, 8], "texture": "#missing"}
			}
		},
		{
			"from": [10.83, 10.6, 7.61],
			"to": [11.83, 12.6, 8.39],
			"rotation": {"angle": 22.5, "axis": "z", "origin": [12, 11, 8]},
			"color": 5,
			"faces": {
				"north": {"uv": [64, 16, 68, 24], "texture": "#missing"},
				"east": {"uv": [64, 16, 64, 24], "texture": "#missing"},
				"south": {"uv": [68, 16, 72, 24], "texture": "#missing"},
				"west": {"uv": [68, 16, 68, 24], "texture": "#missing"},
				"up": {"uv": [68, 16, 64, 16], "texture": "#missing"},
				"down": {"uv": [72, 16, 68, 16], "texture": "#missing"}
			}
		},
		{
			"from": [4.47, 9.1, 7.61],
			"to": [5.47, 11.1, 8.39],
			"rotation": {"angle": -22.5, "axis": "z", "origin": [8, 11, 8]},
			"color": 1,
			"faces": {
				"north": {"uv": [64, 24, 68, 32], "texture": "#missing"},
				"east": {"uv": [64, 24, 64, 32], "texture": "#missing"},
				"south": {"uv": [68, 24, 72, 32], "texture": "#missing"},
				"west": {"uv": [68, 24, 68, 32], "texture": "#missing"},
				"up": {"uv": [68, 24, 64, 24], "texture": "#missing"},
				"down": {"uv": [72, 24, 68, 24], "texture": "#missing"}
			}
		},
		{
			"from": [6, 8.5, 7.5],
			"to": [10, 9.5, 8.5],
			"rotation": {"angle": 0, "axis": "z", "origin": [8, 9, 8]},
			"faces": {
				"north": {"uv": [0, 0, 8, 2], "texture": "#1"},
				"east": {"uv": [0, 8, 2, 10], "texture": "#1"},
				"south": {"uv": [0, 2, 8, 4], "texture": "#1"},
				"west": {"uv": [8, 0, 10, 2], "texture": "#1"},
				"up": {"uv": [8, 6, 0, 4], "texture": "#1"},
				"down": {"uv": [8, 6, 0, 8], "texture": "#1"}
			}
		},
		{
			"from": [4, 12.5, 8],
			"to": [12, 32, 8],
			"faces": {
				"north": {"uv": [0, 0, 4, 9.5], "texture": "#0"},
				"east": {"uv": [0, 0, 0, 9.5], "texture": "#0"},
				"south": {"uv": [4, 0, 8, 9.5], "texture": "#0"},
				"west": {"uv": [4, 0, 4, 9.5], "texture": "#0"},
				"up": {"uv": [4, 0, 0, 0], "texture": "#0"},
				"down": {"uv": [8, 0, 4, 0], "texture": "#0"}
			}
		},
		{
			"from": [4.25, 12.75, 7.9],
			"to": [11.75, 31.75, 8.1],
			"faces": {
				"north": {"uv": [8.5, 0, 12, 9.5], "texture": "#0"},
				"east": {"uv": [8.5, 0, 8.5, 9.5], "texture": "#0"},
				"south": {"uv": [12, 0, 15.5, 9.5], "texture": "#0"},
				"west": {"uv": [12, 0, 12, 9.5], "texture": "#0"},
				"up": {"uv": [12, 0, 8.5, 0], "texture": "#0"},
				"down": {"uv": [15.5, 0, 12, 0], "texture": "#0"}
			}
		}
	]
}