{
	"credit": "Made with Blockbench",
	"texture_size": [32, 32],
	"textures": {
		"0": "texture",
		"particle": "texture"
	},
	"elements": [
		{
			"from": [0, 4, 6.75],
			"to": [18, 7, 9.25],
			"faces": {
				"north": {"uv": [0, 0, 9, 1.5], "texture": "#0"},
				"east": {"uv": [5, 6, 6.5, 7.5], "texture": "#0"},
				"south": {"uv": [0, 1.5, 9, 3], "texture": "#0"},
				"west": {"uv": [6.5, 6, 8, 7.5], "texture": "#0"},
				"up": {"uv": [9, 4.5, 0, 3], "texture": "#0"},
				"down": {"uv": [9, 4.5, 0, 6], "texture": "#0"}
			}
		},
		{
			"from": [2, 2, 7.75],
			"to": [6, 3, 8.25],
			"faces": {
				"north": {"uv": [8, 6, 10, 6.5], "texture": "#0"},
				"east": {"uv": [2.5, 8.5, 3, 9], "texture": "#0"},
				"south": {"uv": [8, 6.5, 10, 7], "texture": "#0"},
				"west": {"uv": [3, 8.5, 3.5, 9], "texture": "#0"},
				"up": {"uv": [10, 7.5, 8, 7], "texture": "#0"},
				"down": {"uv": [10, 7.5, 8, 8], "texture": "#0"}
			}
		},
		{
			"from": [5.13268, 2.07612, 7.5],
			"to": [6.13268, 5.07612, 8.5],
			"rotation": {"angle": 0, "axis": "y", "origin": [6, 2, 7]},
			"faces": {
				"north": {"uv": [8, 8, 8.5, 9.5], "texture": "#0"},
				"east": {"uv": [0, 8.5, 0.5, 10], "texture": "#0"},
				"south": {"uv": [0.5, 8.5, 1, 10], "texture": "#0"},
				"west": {"uv": [1, 8.5, 1.5, 10], "texture": "#0"},
				"up": {"uv": [2, 9, 1.5, 8.5], "texture": "#0"},
				"down": {"uv": [2.5, 8.5, 2, 9], "texture": "#0"}
			}
		},
		{
			"from": [-1, 1, 7],
			"to": [2, 6, 9],
			"rotation": {"angle": -22.5, "axis": "z", "origin": [0, 0, 0]},
			"faces": {
				"north": {"uv": [0, 6, 1.5, 8.5], "texture": "#0"},
				"east": {"uv": [3, 6, 4, 8.5], "texture": "#0"},
				"south": {"uv": [1.5, 6, 3, 8.5], "texture": "#0"},
				"west": {"uv": [4, 6, 5, 8.5], "texture": "#0"},
				"up": {"uv": [6.5, 8.5, 5, 7.5], "texture": "#0"},
				"down": {"uv": [8, 7.5, 6.5, 8.5], "texture": "#0"}
			}
		}
	],
	"display": {
		"thirdperson_righthand": {
			"rotation": [-8, 90, 9],
			"translation": [0, 3.75, -2.25],
			"scale": [0.8, 0.8, 0.8]
		},
		"thirdperson_lefthand": {
			"rotation": [-8, -90, -9],
			"translation": [0, 3.75, -2.25],
			"scale": [0.8, 0.8, 0.8]
		},
		"firstperson_righthand": {
			"rotation": [-180, 90, -180],
			"translation": [2, 4.25, -6.75]
		},
		"firstperson_lefthand": {
			"rotation": [-180, -90, 180],
			"translation": [2, 4.25, -6.75]
		},
		"ground": {
			"translation": [0, 4, 0]
		},
		"gui": {
			"rotation": [-2.63, 58.39, 15.6],
			"translation": [-0.5, 3.5, 0]
		},
		"head": {
			"rotation": [-180, 90, -180],
			"translation": [0, 10.75, -10.25]
		},
		"fixed": {
			"rotation": [0, 180, 0],
			"translation": [1, 2.5, 0]
		}
	},
	"groups": [
		{
			"name": "group",
			"origin": [0, 0, 0],
			"color": 0,
			"children": [0]
		},
		1,
		2,
		3
	]
}