{
	"credit": "Made with Blockbench",
	"texture_size": [64, 64],
	"textures": {
		"0": "./spb",
		"1": "./sph",
		"particle": "./spb"
	},
	"elements": [
		{
			"from": [7, -16, 8],
			"to": [8, 21, 9],
			"faces": {
				"north": {"uv": [0, 0, 0.25, 9.25], "texture": "#1"},
				"east": {"uv": [0.25, 0, 0.5, 9.25], "texture": "#1"},
				"south": {"uv": [0.5, 0, 0.75, 9.25], "texture": "#1"},
				"west": {"uv": [0.75, 0, 1, 9.25], "texture": "#1"},
				"up": {"uv": [2.25, 0.25, 2, 0], "texture": "#1"},
				"down": {"uv": [2.25, 0.25, 2, 0.5], "texture": "#1"}
			}
		},
		{
			"from": [6.85, 21, 7.75],
			"to": [8.15, 24, 9.25],
			"faces": {
				"north": {"uv": [1, 0, 1.375, 0.75], "texture": "#1"},
				"east": {"uv": [1, 0.75, 1.375, 1.5], "texture": "#1"},
				"south": {"uv": [1.5, 0, 1.875, 0.75], "texture": "#1"},
				"west": {"uv": [1.5, 0.75, 1.875, 1.5], "texture": "#1"},
				"up": {"uv": [1.375, 1.875, 1, 1.5], "texture": "#1"},
				"down": {"uv": [1.875, 1.5, 1.5, 1.875], "texture": "#1"}
			}
		},
		{
			"from": [7.25, 24, 8],
			"to": [7.75, 30, 9],
			"faces": {
				"north": {"uv": [7, 0, 7.5, 6], "texture": "#0"},
				"east": {"uv": [6, 0, 7, 6], "texture": "#0"},
				"south": {"uv": [7, 6, 7.5, 12], "texture": "#0"},
				"west": {"uv": [6, 6, 7, 12], "texture": "#0"},
				"up": {"uv": [0.5, 9, 0, 8], "texture": "#0"},
				"down": {"uv": [8.5, 0, 8, 1], "texture": "#0"}
			}
		},
		{
			"from": [7.5, 24, 7],
			"to": [7.5, 32, 10.5],
			"rotation": {"angle": 0, "axis": "y", "origin": [7.5, 27.5, 7.75]},
			"faces": {
				"north": {"uv": [0, 0, 0, 8], "texture": "#0"},
				"east": {"uv": [0, 0, 4, 8], "texture": "#0"},
				"south": {"uv": [0, 0, 0, 8], "texture": "#0"},
				"west": {"uv": [7.5, 1, 11.5, 9], "texture": "#0"},
				"up": {"uv": [0, 3, 0, 0], "texture": "#0"},
				"down": {"uv": [0, 0, 0, 3], "texture": "#0"}
			}
		}
	],
	"display": {
		"thirdperson_righthand": {
			"rotation": [180, 0, -180],
			"translation": [0, 1.75, 1.25]
		},
		"thirdperson_lefthand": {
			"rotation": [180, 0, -180],
			"translation": [0, 1.75, 1.25]
		},
		"firstperson_righthand": {
			"rotation": [180, 0, -180],
			"translation": [0, -8.25, 1.25]
		},
		"firstperson_lefthand": {
			"rotation": [180, 0, -180],
			"translation": [0, -8.25, 1.25]
		},
		"ground": {
			"rotation": [0, 0, 90],
			"scale": [0.75, 0.75, 0.75]
		},
		"gui": {
			"rotation": [119.4, 35.61, -126.32],
			"translation": [0, 0, 0.25],
			"scale": [0.44922, 0.44922, 0.44922]
		},
		"head": {
			"rotation": [125.25, 0, -180],
			"translation": [0, -1, 1.25]
		},
		"fixed": {
			"rotation": [180, -90, 180],
			"translation": [0, 0, 0.25]
		}
	}
}