{
	"credit": "Made with Blockbench",
	"textures": {
		"0": "./ga1",
		"1": "./gaosn",
		"2": "./ga2",
		"3": "./ga3",
		"4": "./ga4",
		"5": "./gao1",
		"6": "./gao2",
		"7": "./axekolki",
		"8": "./axegolova",
		"9": "./axegrif",
		"10": "./axehmbr",
		"11": "./axekrutilka",
		"12": "./axekrutilka2",
		"particle": "./ga1"
	},
	"elements": [
		{
			"from": [7, 7, 11],
			"to": [8.02, 15, 19],
			"rotation": {"angle": 0, "axis": "x", "origin": [1, 8, 18]},
			"faces": {
				"north": {"uv": [8, 0, 10, 8], "texture": "#1"},
				"east": {"uv": [0, 0, 8, 8], "texture": "#1"},
				"south": {"uv": [8, 8, 10, 16], "texture": "#1"},
				"west": {"uv": [0, 8, 8, 16], "texture": "#1"},
				"up": {"uv": [12, 8, 10, 0], "texture": "#1"},
				"down": {"uv": [12, 8, 10, 16], "texture": "#1"}
			}
		},
		{
			"from": [7, 13, 19],
			"to": [7.99, 15, 25.28],
			"rotation": {"angle": 0, "axis": "x", "origin": [1, 8, 18]},
			"faces": {
				"north": {"uv": [4, 4, 6, 6], "texture": "#2"},
				"east": {"uv": [0, 0, 6, 2], "texture": "#2"},
				"south": {"uv": [6, 0, 8, 2], "texture": "#2"},
				"west": {"uv": [0, 2, 6, 4], "texture": "#2"},
				"up": {"uv": [2, 10, 0, 4], "texture": "#2"},
				"down": {"uv": [4, 4, 2, 10], "texture": "#2"}
			}
		},
		{
			"from": [6.99, 7.9, 17.4],
			"to": [8, 16.9, 19.4],
			"rotation": {"angle": 45, "axis": "x", "origin": [1, 8, 18]},
			"faces": {
				"north": {"uv": [0, 0, 2, 9], "texture": "#0"},
				"east": {"uv": [2, 0, 4, 9], "texture": "#0"},
				"south": {"uv": [4, 0, 6, 9], "texture": "#0"},
				"west": {"uv": [6, 0, 8, 9], "texture": "#0"},
				"up": {"uv": [10, 2, 8, 0], "texture": "#0"},
				"down": {"uv": [10, 2, 8, 4], "texture": "#0"}
			}
		},
		{
			"from": [6.99, 22.5, 7.1],
			"to": [8, 31.5, 9.1],
			"rotation": {"angle": 45, "axis": "x", "origin": [0, 14, 0]},
			"faces": {
				"north": {"uv": [0, 0, 2, 9], "texture": "#4"},
				"east": {"uv": [2, 0, 4, 9], "texture": "#4"},
				"south": {"uv": [4, 0, 6, 9], "texture": "#4"},
				"west": {"uv": [6, 0, 8, 9], "texture": "#4"},
				"up": {"uv": [10, 2, 8, 0], "texture": "#4"},
				"down": {"uv": [10, 2, 8, 4], "texture": "#4"}
			}
		},
		{
			"from": [7.01, 16.1, 18],
			"to": [7.98, 19.3, 23],
			"rotation": {"angle": -45, "axis": "x", "origin": [8, 11.4, 20.5]},
			"faces": {
				"north": {"uv": [0, 6, 2, 9], "texture": "#5"},
				"east": {"uv": [0, 0, 5, 3], "texture": "#5"},
				"south": {"uv": [2, 6, 4, 9], "texture": "#5"},
				"west": {"uv": [0, 3, 5, 6], "texture": "#5"},
				"up": {"uv": [7, 5, 5, 0], "texture": "#5"},
				"down": {"uv": [7, 5, 5, 10], "texture": "#5"}
			}
		},
		{
			"from": [7.01, 10.7, 18],
			"to": [7.98, 13.9, 23],
			"rotation": {"angle": -45, "axis": "x", "origin": [8, 11.4, 20.5]},
			"faces": {
				"north": {"uv": [0, 6, 2, 9], "texture": "#6"},
				"east": {"uv": [0, 0, 5, 3], "texture": "#6"},
				"south": {"uv": [2, 6, 4, 9], "texture": "#6"},
				"west": {"uv": [0, 3, 5, 6], "texture": "#6"},
				"up": {"uv": [7, 5, 5, 0], "texture": "#6"},
				"down": {"uv": [7, 5, 5, 10], "texture": "#6"}
			}
		},
		{
			"from": [7, 15, 17],
			"to": [7.99, 21.4, 19],
			"rotation": {"angle": 0, "axis": "x", "origin": [1, 15, 13]},
			"faces": {
				"north": {"uv": [0, 0, 2, 6], "texture": "#3"},
				"east": {"uv": [2, 0, 4, 6], "texture": "#3"},
				"south": {"uv": [4, 0, 6, 6], "texture": "#3"},
				"west": {"uv": [0, 6, 2, 12], "texture": "#3"},
				"up": {"uv": [8, 2, 6, 0], "texture": "#3"},
				"down": {"uv": [4, 6, 2, 8], "texture": "#3"}
			}
		},
		{
			"from": [7.3, -4.91, -1],
			"to": [7.3, 0.09, 2],
			"rotation": {"angle": -45, "axis": "x", "origin": [7, -1, 1]},
			"faces": {
				"north": {"uv": [0, 0, 0, 5], "texture": "#7"},
				"east": {"uv": [0, 0, 3, 5], "texture": "#7"},
				"south": {"uv": [0, 0, 0, 5], "texture": "#7"},
				"west": {"uv": [3, 0, 6, 5], "texture": "#7"},
				"up": {"uv": [0, 3, 0, 0], "texture": "#7"},
				"down": {"uv": [0, 0, 0, 3], "texture": "#7"}
			}
		},
		{
			"from": [6.8, -3.5, -0.65],
			"to": [7.8, -0.5, 3.35],
			"rotation": {"angle": -45, "axis": "x", "origin": [7, -2, 2]},
			"faces": {
				"north": {"uv": [5, 0, 6, 3], "texture": "#8"},
				"east": {"uv": [0, 0, 4, 3], "texture": "#8"},
				"south": {"uv": [5, 3, 6, 6], "texture": "#8"},
				"west": {"uv": [0, 3, 4, 6], "texture": "#8"},
				"up": {"uv": [5, 4, 4, 0], "texture": "#8"},
				"down": {"uv": [5, 4, 4, 8], "texture": "#8"}
			}
		},
		{
			"from": [6.8, -4, 9],
			"to": [7.8, 9, 11],
			"rotation": {"angle": 45, "axis": "x", "origin": [6.8, 6, 10]},
			"faces": {
				"north": {"uv": [4, 0, 5, 13], "texture": "#9"},
				"east": {"uv": [0, 0, 2, 13], "texture": "#9"},
				"south": {"uv": [5, 0, 6, 13], "texture": "#9"},
				"west": {"uv": [2, 0, 4, 13], "texture": "#9"},
				"up": {"uv": [7, 2, 6, 0], "texture": "#9"},
				"down": {"uv": [7, 2, 6, 4], "texture": "#9"}
			}
		},
		{
			"from": [6.6, 14, 14],
			"to": [7.6, 15.5, 15.5],
			"faces": {
				"north": {"uv": [2, 0, 3, 2], "texture": "#11"},
				"east": {"uv": [0, 0, 2, 2], "texture": "#11"},
				"south": {"uv": [2, 2, 3, 4], "texture": "#11"},
				"west": {"uv": [0, 2, 2, 4], "texture": "#11"},
				"up": {"uv": [4, 2, 3, 0], "texture": "#11"},
				"down": {"uv": [4, 2, 3, 4], "texture": "#11"}
			}
		},
		{
			"from": [6.6, 16, 14.5],
			"to": [7.6, 17.5, 16],
			"rotation": {"angle": 22.5, "axis": "x", "origin": [7, 14, 17]},
			"faces": {
				"north": {"uv": [2, 0, 3, 2], "texture": "#12"},
				"east": {"uv": [0, 0, 2, 2], "texture": "#12"},
				"south": {"uv": [2, 2, 3, 4], "texture": "#12"},
				"west": {"uv": [0, 2, 2, 4], "texture": "#12"},
				"up": {"uv": [4, 2, 3, 0], "texture": "#12"},
				"down": {"uv": [4, 2, 3, 4], "texture": "#12"}
			}
		},
		{
			"from": [6.8, 9.5, 14.5],
			"to": [7.8, 12.5, 16],
			"rotation": {"angle": -45, "axis": "x", "origin": [1, 8, 16]},
			"faces": {
				"north": {"uv": [0, 3, 1, 6], "texture": "#10"},
				"east": {"uv": [0, 0, 2, 3], "texture": "#10"},
				"south": {"uv": [1, 3, 2, 6], "texture": "#10"},
				"west": {"uv": [2, 0, 4, 3], "texture": "#10"},
				"up": {"uv": [3, 5, 2, 3], "texture": "#10"},
				"down": {"uv": [4, 3, 3, 5], "texture": "#10"}
			}
		},
		{
			"from": [6.8, 9.5, 16.8],
			"to": [7.8, 12.5, 18.3],
			"rotation": {"angle": -45, "axis": "x", "origin": [1, 8, 16]},
			"faces": {
				"north": {"uv": [0, 3, 1, 6], "texture": "#10"},
				"east": {"uv": [0, 0, 1.5, 3], "texture": "#missing"},
				"south": {"uv": [1, 3, 2, 6], "texture": "#10"},
				"west": {"uv": [2, 0, 4, 3], "texture": "#10"},
				"up": {"uv": [3, 5, 2, 3], "texture": "#10"},
				"down": {"uv": [4, 3, 3, 5], "texture": "#10"}
			}
		}
	],
	"display": {
		"thirdperson_righthand": {
			"rotation": [-37.25, 0, 0],
			"translation": [0, 4.5, 0]
		},
		"thirdperson_lefthand": {
			"rotation": [169, -118, -94],
			"translation": [-2.5, -0.75, -1.5]
		},
		"firstperson_righthand": {
			"rotation": [-68.75, 0, 0],
			"translation": [1, 2.75, -4.5]
		},
		"firstperson_lefthand": {
			"rotation": [-94.12, -63.71, 82.51],
			"translation": [-7.75, 0, 2]
		},
		"ground": {
			"rotation": [1.24, -28.16, -86.17],
			"translation": [1.25, -1.25, 0]
		},
		"gui": {
			"rotation": [-176.06, 71.1, 140.09],
			"translation": [-2.75, 0, 0],
			"scale": [0.83398, 0.83398, 0.83398]
		},
		"head": {
			"rotation": [85.75, 0, 0],
			"translation": [0.5, 10.75, -13.25]
		},
		"fixed": {
			"rotation": [90, 45, 90],
			"translation": [-6, -10, 0],
			"scale": [2.13477, 2.13477, 2.13477]
		}
	},
	"groups": [
		{
			"name": "group",
			"origin": [1, 8, 8],
			"color": 0,
			"children": [0, 1, 2, 3, 4, 5, 6]
		},
		7,
		8,
		9,
		10,
		11,
		12,
		13
	]
}