{
	"credit": "Made with Blockbench",
	"texture_size": [8, 8],
	"textures": {
		"0": "./yogun1",
		"1": "./yogunhand",
		"2": "./yogun2",
		"3": "./yogun3",
		"4": "./yogunstvol",
		"5": "./yogunstvol2",
		"6": "./yogunbarrel2",
		"7": "./yogunbarrel",
		"8": "./yogunbarrelmini",
		"particle": "./yogun1"
	},
	"elements": [
		{
			"from": [7, 5, 7],
			"to": [9, 6, 9],
			"color": 7,
			"faces": {
				"north": {"uv": [0, 0, 4, 2], "texture": "#missing"},
				"east": {"uv": [0, 0, 4, 2], "texture": "#missing"},
				"south": {"uv": [0, 0, 4, 2], "texture": "#missing"},
				"west": {"uv": [0, 0, 4, 2], "texture": "#missing"},
				"up": {"uv": [0, 0, 4, 4], "texture": "#missing"},
				"down": {"uv": [0, 0, 4, 4], "texture": "#missing"}
			}
		},
		{
			"from": [5, 5, 7.5],
			"to": [7, 6, 8.5],
			"faces": {
				"north": {"uv": [0, 0, 4, 2], "texture": "#8"},
				"east": {"uv": [4, 2, 6, 4], "texture": "#8"},
				"south": {"uv": [0, 2, 4, 4], "texture": "#8"},
				"west": {"uv": [4, 4, 6, 6], "texture": "#8"},
				"up": {"uv": [4, 6, 0, 4], "texture": "#8"},
				"down": {"uv": [8, 0, 4, 2], "texture": "#8"}
			}
		},
		{
			"from": [9, 5, 7.5],
			"to": [11, 6, 8.5],
			"faces": {
				"north": {"uv": [0, 2, 4, 4], "texture": "#8"},
				"east": {"uv": [4, 4, 6, 6], "texture": "#8"},
				"south": {"uv": [0, 0, 4, 2], "texture": "#8"},
				"west": {"uv": [0, 0, 2, 2], "texture": "#missing"},
				"up": {"uv": [0, 0, 4, 2], "texture": "#missing"},
				"down": {"uv": [0, 0, 4, 2], "texture": "#missing"}
			}
		},
		{
			"from": [7.5, 5, 5],
			"to": [8.5, 6, 7],
			"rotation": {"angle": 0, "axis": "y", "origin": [8, 5.5, 8]},
			"faces": {
				"north": {"uv": [4, 4, 6, 6], "texture": "#8"},
				"east": {"uv": [0, 0, 4, 2], "texture": "#8"},
				"south": {"uv": [0, 0, 2, 2], "texture": "#missing"},
				"west": {"uv": [0, 2, 4, 4], "texture": "#8"},
				"up": {"uv": [0, 0, 4, 2], "rotation": 270, "texture": "#missing"},
				"down": {"uv": [0, 0, 4, 2], "rotation": 90, "texture": "#missing"}
			}
		},
		{
			"from": [7.5, 5, 9],
			"to": [8.5, 6, 11],
			"rotation": {"angle": 0, "axis": "y", "origin": [8, 5.5, 8]},
			"faces": {
				"north": {"uv": [0, 0, 2, 2], "texture": "#missing"},
				"east": {"uv": [0, 0, 4, 2], "texture": "#8"},
				"south": {"uv": [4, 4, 6, 6], "texture": "#8"},
				"west": {"uv": [0, 2, 4, 4], "texture": "#8"},
				"up": {"uv": [0, 0, 4, 2], "rotation": 270, "texture": "#missing"},
				"down": {"uv": [0, 0, 4, 2], "rotation": 90, "texture": "#missing"}
			}
		},
		{
			"from": [9, 5, 7.5],
			"to": [11, 6, 8.5],
			"rotation": {"angle": 45, "axis": "y", "origin": [8, 5.5, 8]},
			"faces": {
				"north": {"uv": [0, 2, 4, 4], "texture": "#8"},
				"east": {"uv": [4, 4, 6, 6], "texture": "#8"},
				"south": {"uv": [0, 0, 4, 2], "texture": "#8"},
				"west": {"uv": [0, 0, 2, 2], "texture": "#missing"},
				"up": {"uv": [0, 0, 4, 2], "rotation": 180, "texture": "#missing"},
				"down": {"uv": [0, 0, 4, 2], "rotation": 180, "texture": "#missing"}
			}
		},
		{
			"from": [5, 5, 7.5],
			"to": [7, 6, 8.5],
			"rotation": {"angle": 45, "axis": "y", "origin": [8, 5.5, 8]},
			"faces": {
				"north": {"uv": [0, 0, 4, 2], "texture": "#8"},
				"east": {"uv": [0, 0, 2, 2], "texture": "#missing"},
				"south": {"uv": [0, 2, 4, 4], "texture": "#8"},
				"west": {"uv": [4, 4, 6, 6], "texture": "#8"},
				"up": {"uv": [0, 0, 4, 2], "rotation": 180, "texture": "#missing"},
				"down": {"uv": [0, 0, 4, 2], "rotation": 180, "texture": "#missing"}
			}
		},
		{
			"from": [7.5, 5, 9],
			"to": [8.5, 6, 11],
			"rotation": {"angle": 45, "axis": "y", "origin": [8, 5.5, 8]},
			"faces": {
				"north": {"uv": [0, 0, 2, 2], "texture": "#missing"},
				"east": {"uv": [0, 2, 4, 4], "texture": "#8"},
				"south": {"uv": [4, 4, 6, 6], "texture": "#8"},
				"west": {"uv": [0, 0, 4, 2], "texture": "#8"},
				"up": {"uv": [0, 0, 4, 2], "rotation": 270, "texture": "#missing"},
				"down": {"uv": [0, 0, 4, 2], "rotation": 90, "texture": "#missing"}
			}
		},
		{
			"from": [7.5, 5, 5],
			"to": [8.5, 6, 7],
			"rotation": {"angle": 45, "axis": "y", "origin": [8, 5.5, 8]},
			"faces": {
				"north": {"uv": [4, 4, 6, 6], "texture": "#8"},
				"east": {"uv": [0, 0, 4, 2], "texture": "#8"},
				"south": {"uv": [0, 0, 2, 2], "texture": "#missing"},
				"west": {"uv": [0, 2, 4, 4], "texture": "#8"},
				"up": {"uv": [0, 0, 4, 2], "rotation": 270, "texture": "#missing"},
				"down": {"uv": [0, 0, 4, 2], "rotation": 90, "texture": "#missing"}
			}
		},
		{
			"from": [5, 4.5, 5],
			"to": [11, 5, 11],
			"rotation": {"angle": 45, "axis": "y", "origin": [8, 4.5, 8]},
			"faces": {
				"north": {"uv": [6, 0, 12, 0.5], "texture": "#7"},
				"east": {"uv": [6, 3, 12, 3.5], "texture": "#7"},
				"south": {"uv": [6, 2, 12, 2.5], "texture": "#7"},
				"west": {"uv": [6, 1, 12, 1.5], "texture": "#7"},
				"up": {"uv": [0, 6, 6, 12], "texture": "#7"},
				"down": {"uv": [0, 0, 6, 6], "texture": "#7"}
			}
		},
		{
			"from": [5, 6, 5],
			"to": [11, 6.5, 11],
			"rotation": {"angle": 45, "axis": "y", "origin": [8, 4.5, 8]},
			"faces": {
				"north": {"uv": [6, 0, 12, 1], "texture": "#7"},
				"east": {"uv": [6, 1, 12, 2], "texture": "#7"},
				"south": {"uv": [6, 2, 12, 3], "texture": "#7"},
				"west": {"uv": [6, 3, 12, 4], "texture": "#7"},
				"up": {"uv": [6, 6, 0, 0], "texture": "#7"},
				"down": {"uv": [6, 6, 0, 12], "texture": "#7"}
			}
		},
		{
			"from": [7.5, 4, 4],
			"to": [8.5, 7, 4.5],
			"faces": {
				"north": {"uv": [0, 0, 2, 6], "texture": "#5"},
				"east": {"uv": [2, 0, 4, 6], "texture": "#5"},
				"south": {"uv": [4, 0, 6, 6], "texture": "#5"},
				"west": {"uv": [0, 6, 2, 12], "texture": "#5"},
				"up": {"uv": [8, 2, 6, 0], "texture": "#5"},
				"down": {"uv": [4, 6, 2, 8], "texture": "#5"}
			}
		},
		{
			"from": [7.5, 5, -1.5],
			"to": [8.5, 6, 4],
			"faces": {
				"north": {"uv": [4, 4, 6, 6], "texture": "#4"},
				"east": {"uv": [10, 0, 0, 2], "texture": "#4"},
				"south": {"uv": [4, 6, 6, 8], "texture": "#4"},
				"west": {"uv": [0, 2, 10, 4], "texture": "#4"},
				"up": {"uv": [2, 14, 0, 4], "texture": "#4"},
				"down": {"uv": [4, 4, 2, 14], "texture": "#4"}
			}
		},
		{
			"from": [7.4, 4.9, -1],
			"to": [8.6, 6.1, 0.2],
			"faces": {
				"north": {"uv": [0, 0, 2, 2], "texture": "#2"},
				"east": {"uv": [0, 2, 2, 4], "texture": "#2"},
				"south": {"uv": [2, 0, 4, 2], "texture": "#2"},
				"west": {"uv": [2, 2, 4, 4], "texture": "#2"},
				"up": {"uv": [2, 6, 0, 4], "texture": "#2"},
				"down": {"uv": [6, 0, 4, 2], "texture": "#2"}
			}
		},
		{
			"from": [8, 2.5, -1.5],
			"to": [8, 8.5, 12.5],
			"faces": {
				"north": {"uv": [0, 0, 0, 6], "texture": "#0"},
				"east": {"uv": [0, 0, 14, 6], "texture": "#0"},
				"south": {"uv": [0, 0, 0, 6], "texture": "#0"},
				"west": {"uv": [0, 6, 14, 12], "texture": "#0"},
				"up": {"uv": [0, 14, 0, 0], "texture": "#0"},
				"down": {"uv": [0, 0, 0, 14], "texture": "#0"}
			}
		},
		{
			"from": [7.5, 3.75, 0.4],
			"to": [8.5, 4.75, 2.4],
			"faces": {
				"north": {"uv": [4, 8, 8, 12], "texture": "#3"},
				"east": {"uv": [0, 0, 8, 4], "texture": "#3"},
				"south": {"uv": [8, 8, 12, 12], "texture": "#3"},
				"west": {"uv": [0, 4, 8, 8], "texture": "#3"},
				"up": {"uv": [4, 16, 0, 8], "texture": "#3"},
				"down": {"uv": [12, 0, 8, 8], "texture": "#3"}
			}
		},
		{
			"from": [7, 4, 11],
			"to": [9, 6, 17],
			"rotation": {"angle": 22.5, "axis": "x", "origin": [8, 5, 12]},
			"faces": {
				"north": {"uv": [4, 4, 6, 6], "texture": "#1"},
				"east": {"uv": [6, 0, 0, 2], "texture": "#1"},
				"south": {"uv": [6, 0, 8, 2], "texture": "#1"},
				"west": {"uv": [0, 2, 6, 4], "texture": "#1"},
				"up": {"uv": [2, 10, 0, 4], "texture": "#1"},
				"down": {"uv": [4, 4, 2, 10], "texture": "#1"}
			}
		},
		{
			"from": [7, 4, 7],
			"to": [9, 5, 9],
			"faces": {
				"north": {"uv": [8, 0, 16, 4], "texture": "#6"},
				"east": {"uv": [8, 4, 16, 8], "texture": "#6"},
				"south": {"uv": [8, 8, 16, 12], "texture": "#6"},
				"west": {"uv": [8, 12, 16, 16], "texture": "#6"},
				"up": {"uv": [0, 8, 8, 0], "texture": "#6"},
				"down": {"uv": [8, 8, 0, 16], "texture": "#6"}
			}
		}
	],
	"display": {
		"thirdperson_righthand": {
			"translation": [0, 2, -3],
			"scale": [0.7, 0.7, 0.7]
		},
		"thirdperson_lefthand": {
			"translation": [0, 2, -3],
			"scale": [0.7, 0.7, 0.7]
		},
		"firstperson_righthand": {
			"rotation": [17.68, 1.26, 0.62],
			"translation": [1.5, 4, -2],
			"scale": [1.26, 1.26, 1.26]
		},
		"firstperson_lefthand": {
			"rotation": [16.95, -25.99, -0.17],
			"translation": [3.75, 3.5, -1.25],
			"scale": [1.26, 1.26, 1.26]
		},
		"ground": {
			"translation": [0, 2.5, 0]
		},
		"gui": {
			"rotation": [39.57, -55.25, 24.05],
			"translation": [-1.25, 2, 0]
		},
		"head": {
			"rotation": [180, -90, 180],
			"translation": [-16.25, 3, 0]
		},
		"fixed": {
			"rotation": [0, 90, 0],
			"translation": [0.5, 2, 0]
		}
	}
}