{
	"credit": "Made with Blockbench",
	"texture_size": [32, 32],
	"textures": {
		"4": "./ironrev",
		"particle": "./ironrev"
	},
	"elements": [
		{
			"from": [2.58127, 1.9234, 2],
			"to": [2.88127, 2.3234, 8],
			"rotation": {"angle": 45, "axis": "z", "origin": [-2.41873, 12.3234, 14]},
			"faces": {
				"north": {"uv": [1, 11, 1.125, 11.1875], "texture": "#4"},
				"east": {"uv": [3.5, 3, 6.5, 3.1875], "texture": "#4"},
				"south": {"uv": [11, 1, 11.125, 1.1875], "texture": "#4"},
				"west": {"uv": [3.5, 3.5, 6.5, 3.6875], "texture": "#4"},
				"up": {"uv": [3.625, 9, 3.5, 6], "texture": "#4"},
				"down": {"uv": [4.125, 6, 4, 9], "texture": "#4"}
			}
		},
		{
			"from": [8.38284, 8.31716, 2],
			"to": [8.68284, 8.71716, 8],
			"rotation": {"angle": 0, "axis": "y", "origin": [3.38284, 5.31716, 14]},
			"faces": {
				"north": {"uv": [0.5, 11, 0.625, 11.1875], "texture": "#4"},
				"east": {"uv": [3.5, 2, 6.5, 2.1875], "texture": "#4"},
				"south": {"uv": [11, 0.5, 11.125, 0.6875], "texture": "#4"},
				"west": {"uv": [3.5, 2.5, 6.5, 2.6875], "texture": "#4"},
				"up": {"uv": [2.625, 9, 2.5, 6], "texture": "#4"},
				"down": {"uv": [3.125, 6, 3, 9], "texture": "#4"}
			}
		},
		{
			"from": [3.58543, 3.05772, 2],
			"to": [3.98543, 3.35772, 8],
			"rotation": {"angle": 45, "axis": "z", "origin": [-0.01457, 11.35772, 14]},
			"faces": {
				"north": {"uv": [0, 11, 0.1875, 11.125], "texture": "#4"},
				"east": {"uv": [6, 1, 9, 1.125], "texture": "#4"},
				"south": {"uv": [11, 0, 11.1875, 0.125], "texture": "#4"},
				"west": {"uv": [6, 1.5, 9, 1.625], "texture": "#4"},
				"up": {"uv": [2.6875, 6, 2.5, 3], "texture": "#4"},
				"down": {"uv": [0.1875, 3.5, 0, 6.5], "texture": "#4"}
			}
		},
		{
			"from": [8, 8.03431, 2],
			"to": [8.4, 8.33431, 8],
			"rotation": {"angle": 0, "axis": "y", "origin": [0, 2.33431, 14]},
			"faces": {
				"north": {"uv": [10.5, 10, 10.6875, 10.125], "texture": "#4"},
				"east": {"uv": [6, 0, 9, 0.125], "texture": "#4"},
				"south": {"uv": [10.5, 10.5, 10.6875, 10.625], "texture": "#4"},
				"west": {"uv": [6, 0.5, 9, 0.625], "texture": "#4"},
				"up": {"uv": [2.1875, 6, 2, 3], "texture": "#4"},
				"down": {"uv": [3.1875, 2, 3, 5], "texture": "#4"}
			}
		},
		{
			"from": [1.52477, 2.8669, 2],
			"to": [1.82477, 3.2669, 8],
			"rotation": {"angle": 45, "axis": "z", "origin": [-1.47523, 13.2669, 14]},
			"faces": {
				"north": {"uv": [10.5, 9.5, 10.625, 9.6875], "texture": "#4"},
				"east": {"uv": [3, 1, 6, 1.1875], "texture": "#4"},
				"south": {"uv": [10, 10.5, 10.125, 10.6875], "texture": "#4"},
				"west": {"uv": [3, 1.5, 6, 1.6875], "texture": "#4"},
				"up": {"uv": [1.625, 9, 1.5, 6], "texture": "#4"},
				"down": {"uv": [2.125, 6, 2, 9], "texture": "#4"}
			}
		},
		{
			"from": [7.71716, 8.31716, 2],
			"to": [8.01716, 8.71716, 8],
			"rotation": {"angle": 0, "axis": "y", "origin": [4.71716, 5.31716, 14]},
			"faces": {
				"north": {"uv": [10.5, 9, 10.625, 9.1875], "texture": "#4"},
				"east": {"uv": [3, 0, 6, 0.1875], "texture": "#4"},
				"south": {"uv": [9.5, 10.5, 9.625, 10.6875], "texture": "#4"},
				"west": {"uv": [3, 0.5, 6, 0.6875], "texture": "#4"},
				"up": {"uv": [0.625, 8, 0.5, 5], "texture": "#4"},
				"down": {"uv": [1.125, 6, 1, 9], "texture": "#4"}
			}
		},
		{
			"from": [4.52893, 4.11421, 2],
			"to": [4.92893, 4.41421, 8],
			"rotation": {"angle": 45, "axis": "z", "origin": [0.92893, 10.41421, 14]},
			"faces": {
				"north": {"uv": [10.5, 8.5, 10.6875, 8.625], "texture": "#4"},
				"east": {"uv": [5, 5, 8, 5.125], "texture": "#4"},
				"south": {"uv": [9, 10.5, 9.1875, 10.625], "texture": "#4"},
				"west": {"uv": [3, 5.5, 6, 5.625], "texture": "#4"},
				"up": {"uv": [2.1875, 3, 2, 0], "texture": "#4"},
				"down": {"uv": [2.6875, 0, 2.5, 3], "texture": "#4"}
			}
		},
		{
			"from": [8, 8.7, 2],
			"to": [8.4, 9, 8],
			"rotation": {"angle": 0, "axis": "y", "origin": [0, 1, 14]},
			"faces": {
				"north": {"uv": [10.5, 8, 10.6875, 8.125], "texture": "#4"},
				"east": {"uv": [5, 4, 8, 4.125], "texture": "#4"},
				"south": {"uv": [8.5, 10.5, 8.6875, 10.625], "texture": "#4"},
				"west": {"uv": [5, 4.5, 8, 4.625], "texture": "#4"},
				"up": {"uv": [1.1875, 4.5, 1, 1.5], "texture": "#4"},
				"down": {"uv": [1.6875, 1.5, 1.5, 4.5], "texture": "#4"}
			}
		},
		{
			"from": [16.86815, 3.39916, 8],
			"to": [17.46815, 3.79916, 10],
			"rotation": {"angle": 45, "axis": "z", "origin": [7.97335, -4.75084, 2.2]},
			"faces": {
				"north": {"uv": [1, 10.5, 1.3125, 10.6875], "texture": "#4"},
				"east": {"uv": [8.5, 2.5, 9.5, 2.6875], "texture": "#4"},
				"south": {"uv": [10.5, 1, 10.8125, 1.1875], "texture": "#4"},
				"west": {"uv": [8.5, 3, 9.5, 3.1875], "texture": "#4"},
				"up": {"uv": [7.3125, 7.5, 7, 6.5], "texture": "#4"},
				"down": {"uv": [0.3125, 7.5, 0, 8.5], "texture": "#4"}
			}
		},
		{
			"from": [8.27426, 7.72591, 8],
			"to": [8.92426, 8.32591, 10],
			"rotation": {"angle": 0, "axis": "y", "origin": [5.37426, 12.22071, 2.2]},
			"faces": {
				"north": {"uv": [10, 2, 10.3125, 2.3125], "texture": "#4"},
				"east": {"uv": [6, 5.5, 7, 5.8125], "texture": "#4"},
				"south": {"uv": [3, 10, 3.3125, 10.3125], "texture": "#4"},
				"west": {"uv": [6, 6.5, 7, 6.8125], "texture": "#4"},
				"up": {"uv": [7.3125, 3, 7, 2], "texture": "#4"},
				"down": {"uv": [7.3125, 3, 7, 4], "texture": "#4"}
			}
		},
		{
			"from": [4.3021, 13.31556, 8],
			"to": [4.9021, 13.71556, 10],
			"rotation": {"angle": -45, "axis": "z", "origin": [0.40731, 6.16556, 2.2]},
			"faces": {
				"north": {"uv": [0.5, 10.5, 0.8125, 10.6875], "texture": "#4"},
				"east": {"uv": [8, 7.5, 9, 7.6875], "texture": "#4"},
				"south": {"uv": [10.5, 0.5, 10.8125, 0.6875], "texture": "#4"},
				"west": {"uv": [8, 8, 9, 8.1875], "texture": "#4"},
				"up": {"uv": [5.3125, 7.5, 5, 6.5], "texture": "#4"},
				"down": {"uv": [5.8125, 6.5, 5.5, 7.5], "texture": "#4"}
			}
		},
		{
			"from": [7.9, 7.30165, 8],
			"to": [8.5, 7.95165, 10],
			"rotation": {"angle": 0, "axis": "y", "origin": [4.0052, -2.84835, 2.2]},
			"faces": {
				"north": {"uv": [10, 3, 10.3125, 3.3125], "texture": "#4"},
				"east": {"uv": [6.5, 6, 7.5, 6.3125], "texture": "#4"},
				"south": {"uv": [3.5, 10, 3.8125, 10.3125], "texture": "#4"},
				"west": {"uv": [7, 5.5, 8, 5.8125], "texture": "#4"},
				"up": {"uv": [6.3125, 8, 6, 7], "texture": "#4"},
				"down": {"uv": [6.8125, 7, 6.5, 8], "texture": "#4"}
			}
		},
		{
			"from": [3.56068, 12.57414, 8],
			"to": [4.16068, 12.97414, 10],
			"rotation": {"angle": -45, "axis": "z", "origin": [-0.33411, 5.42414, 2.2]},
			"faces": {
				"north": {"uv": [1.5, 10.5, 1.8125, 10.6875], "texture": "#4"},
				"east": {"uv": [8.5, 3.5, 9.5, 3.6875], "texture": "#4"},
				"south": {"uv": [10.5, 1.5, 10.8125, 1.6875], "texture": "#4"},
				"west": {"uv": [8.5, 4, 9.5, 4.1875], "texture": "#4"},
				"up": {"uv": [7.8125, 3, 7.5, 2], "texture": "#4"},
				"down": {"uv": [7.8125, 3, 7.5, 4], "texture": "#4"}
			}
		},
		{
			"from": [7.47574, 7.72592, 8],
			"to": [8.12574, 8.32592, 10],
			"rotation": {"angle": 0, "axis": "y", "origin": [4.32574, 12.22071, 2.2]},
			"faces": {
				"north": {"uv": [10, 3.5, 10.3125, 3.8125], "texture": "#4"},
				"east": {"uv": [4.5, 7.5, 5.5, 7.8125], "texture": "#4"},
				"south": {"uv": [4, 10, 4.3125, 10.3125], "texture": "#4"},
				"west": {"uv": [7.5, 6, 8.5, 6.3125], "texture": "#4"},
				"up": {"uv": [5.8125, 8.5, 5.5, 7.5], "texture": "#4"},
				"down": {"uv": [7.8125, 6.5, 7.5, 7.5], "texture": "#4"}
			}
		},
		{
			"from": [16.12672, 4.14058, 8],
			"to": [16.72672, 4.54058, 10],
			"rotation": {"angle": 45, "axis": "z", "origin": [7.23193, -4.00942, 2.2]},
			"faces": {
				"north": {"uv": [0, 10.5, 0.3125, 10.6875], "texture": "#4"},
				"east": {"uv": [8, 6.5, 9, 6.6875], "texture": "#4"},
				"south": {"uv": [10.5, 0, 10.8125, 0.1875], "texture": "#4"},
				"west": {"uv": [8, 7, 9, 7.1875], "texture": "#4"},
				"up": {"uv": [6.8125, 4, 6.5, 3], "texture": "#4"},
				"down": {"uv": [4.8125, 6.5, 4.5, 7.5], "texture": "#4"}
			}
		},
		{
			"from": [7.9, 8.10018, 8],
			"to": [8.5, 8.75018, 10],
			"rotation": {"angle": 0, "axis": "y", "origin": [4.0052, -1.79982, 2.2]},
			"faces": {
				"north": {"uv": [1, 10, 1.3125, 10.3125], "texture": "#4"},
				"east": {"uv": [4.5, 6, 5.5, 6.3125], "texture": "#4"},
				"south": {"uv": [10, 1.5, 10.3125, 1.8125], "texture": "#4"},
				"west": {"uv": [5.5, 6, 6.5, 6.3125], "texture": "#4"},
				"up": {"uv": [0.3125, 7.5, 0, 6.5], "texture": "#4"},
				"down": {"uv": [6.8125, 2, 6.5, 3], "texture": "#4"}
			}
		},
		{
			"from": [7.66282, 7.92936, 8.1],
			"to": [7.86282, 8.12936, 10.1],
			"rotation": {"angle": 0, "axis": "y", "origin": [6.56282, -4.02064, 4.3]},
			"faces": {
				"north": {"uv": [5.5, 11, 5.625, 11.125], "texture": "#4"},
				"east": {"uv": [9, 2, 10, 2.125], "texture": "#4"},
				"south": {"uv": [11, 5.5, 11.125, 5.625], "texture": "#4"},
				"west": {"uv": [4, 9, 5, 9.125], "texture": "#4"},
				"up": {"uv": [9.125, 5.5, 9, 4.5], "texture": "#4"},
				"down": {"uv": [5.125, 9, 5, 10], "texture": "#4"}
			}
		},
		{
			"from": [7.86282, 8.32936, 8.1],
			"to": [8.06282, 8.52936, 10.1],
			"rotation": {"angle": 0, "axis": "y", "origin": [6.56282, -4.02064, 4.3]},
			"faces": {
				"north": {"uv": [5, 11, 5.125, 11.125], "texture": "#4"},
				"east": {"uv": [9, 1.5, 10, 1.625], "texture": "#4"},
				"south": {"uv": [11, 5, 11.125, 5.125], "texture": "#4"},
				"west": {"uv": [2, 9, 3, 9.125], "texture": "#4"},
				"up": {"uv": [3.125, 10, 3, 9], "texture": "#4"},
				"down": {"uv": [3.625, 9, 3.5, 10], "texture": "#4"}
			}
		},
		{
			"from": [8.36282, 8.32936, 8.1],
			"to": [8.56282, 8.52936, 10.1],
			"rotation": {"angle": 0, "axis": "y", "origin": [6.56282, -4.02064, 4.3]},
			"faces": {
				"north": {"uv": [7.5, 11, 7.625, 11.125], "texture": "#4"},
				"east": {"uv": [9.5, 1, 10.5, 1.125], "texture": "#4"},
				"south": {"uv": [11, 7.5, 11.125, 7.625], "texture": "#4"},
				"west": {"uv": [9.5, 2.5, 10.5, 2.625], "texture": "#4"},
				"up": {"uv": [2.625, 10.5, 2.5, 9.5], "texture": "#4"},
				"down": {"uv": [9.625, 3, 9.5, 4], "texture": "#4"}
			}
		},
		{
			"from": [8.56282, 7.92936, 8.1],
			"to": [8.76282, 8.12936, 10.1],
			"rotation": {"angle": 0, "axis": "y", "origin": [6.56282, -4.02064, 4.3]},
			"faces": {
				"north": {"uv": [7, 11, 7.125, 11.125], "texture": "#4"},
				"east": {"uv": [9, 8.5, 10, 8.625], "texture": "#4"},
				"south": {"uv": [11, 7, 11.125, 7.125], "texture": "#4"},
				"west": {"uv": [0.5, 9.5, 1.5, 9.625], "texture": "#4"},
				"up": {"uv": [1.625, 10.5, 1.5, 9.5], "texture": "#4"},
				"down": {"uv": [2.125, 9.5, 2, 10.5], "texture": "#4"}
			}
		},
		{
			"from": [8.36282, 7.52936, 8.1],
			"to": [8.56282, 7.72936, 10.1],
			"rotation": {"angle": 0, "axis": "y", "origin": [6.56282, -4.02064, 4.3]},
			"faces": {
				"north": {"uv": [6.5, 11, 6.625, 11.125], "texture": "#4"},
				"east": {"uv": [9, 8, 10, 8.125], "texture": "#4"},
				"south": {"uv": [11, 6.5, 11.125, 6.625], "texture": "#4"},
				"west": {"uv": [8.5, 9, 9.5, 9.125], "texture": "#4"},
				"up": {"uv": [0.125, 10.5, 0, 9.5], "texture": "#4"},
				"down": {"uv": [9.625, 0, 9.5, 1], "texture": "#4"}
			}
		},
		{
			"from": [7.86282, 7.52936, 8.1],
			"to": [8.06282, 7.72936, 10.1],
			"rotation": {"angle": 0, "axis": "y", "origin": [6.56282, -4.02064, 4.3]},
			"faces": {
				"north": {"uv": [6, 11, 6.125, 11.125], "texture": "#4"},
				"east": {"uv": [9, 6.5, 10, 6.625], "texture": "#4"},
				"south": {"uv": [11, 6, 11.125, 6.125], "texture": "#4"},
				"west": {"uv": [7, 9, 8, 9.125], "texture": "#4"},
				"up": {"uv": [9.125, 8, 9, 7], "texture": "#4"},
				"down": {"uv": [8.125, 9, 8, 10], "texture": "#4"}
			}
		},
		{
			"from": [7.8, 7.23431, 7.7],
			"to": [8.6, 8.53431, 8],
			"rotation": {"angle": 0, "axis": "y", "origin": [0.1, 5.23431, 15.2]},
			"faces": {
				"north": {"uv": [8, 4.5, 8.375, 5.125], "texture": "#4"},
				"east": {"uv": [10, 5, 10.125, 5.625], "texture": "#4"},
				"south": {"uv": [5, 8, 5.375, 8.625], "texture": "#4"},
				"west": {"uv": [5.5, 10, 5.625, 10.625], "texture": "#4"},
				"up": {"uv": [4.875, 10.625, 4.5, 10.5], "texture": "#4"},
				"down": {"uv": [10.875, 4.5, 10.5, 4.625], "texture": "#4"}
			}
		},
		{
			"from": [8, 9.84496, 11.45008],
			"to": [8.4, 10.89496, 11.75008],
			"rotation": {"angle": 45, "axis": "x", "origin": [0, 10.44496, 9.25008]},
			"faces": {
				"north": {"uv": [10, 4, 10.1875, 4.5], "texture": "#4"},
				"east": {"uv": [10, 9, 10.125, 9.5], "texture": "#4"},
				"south": {"uv": [4.5, 10, 4.6875, 10.5], "texture": "#4"},
				"west": {"uv": [9.5, 10, 9.625, 10.5], "texture": "#4"},
				"up": {"uv": [7.1875, 10.625, 7, 10.5], "texture": "#4"},
				"down": {"uv": [7.6875, 10.5, 7.5, 10.625], "texture": "#4"}
			}
		},
		{
			"from": [7.8, 5.21725, 8.55102],
			"to": [8.6, 5.86725, 9.45102],
			"rotation": {"angle": -22.5, "axis": "x", "origin": [0, 11.31725, 4.95102]},
			"faces": {
				"north": {"uv": [9.5, 5, 9.875, 5.3125], "texture": "#4"},
				"east": {"uv": [9, 1, 9.4375, 1.3125], "texture": "#4"},
				"south": {"uv": [5.5, 9.5, 5.875, 9.8125], "texture": "#4"},
				"west": {"uv": [1.5, 9, 1.9375, 9.3125], "texture": "#4"},
				"up": {"uv": [3.375, 5.4375, 3, 5], "texture": "#4"},
				"down": {"uv": [0.375, 8.5, 0, 8.9375], "texture": "#4"}
			}
		},
		{
			"from": [7.8, 9.85273, 10.43441],
			"to": [8.6, 10.45273, 11.08441],
			"rotation": {"angle": 22.5, "axis": "x", "origin": [0, 8.95273, 4.98441]},
			"faces": {
				"north": {"uv": [4, 9.5, 4.375, 9.8125], "texture": "#4"},
				"east": {"uv": [9.5, 7.5, 9.8125, 7.8125], "texture": "#4"},
				"south": {"uv": [9.5, 4, 9.875, 4.3125], "texture": "#4"},
				"west": {"uv": [10, 0, 10.3125, 0.3125], "texture": "#4"},
				"up": {"uv": [4.875, 9.8125, 4.5, 9.5], "texture": "#4"},
				"down": {"uv": [9.875, 4.5, 9.5, 4.8125], "texture": "#4"}
			}
		},
		{
			"from": [7.8, 7.71143, 8.57129],
			"to": [8.6, 8.46143, 8.87129],
			"rotation": {"angle": -22.5, "axis": "x", "origin": [0, 12.31143, 8.37129]},
			"faces": {
				"north": {"uv": [9, 0, 9.375, 0.375], "texture": "#4"},
				"east": {"uv": [3.5, 10.5, 3.625, 10.875], "texture": "#4"},
				"south": {"uv": [9, 0.5, 9.375, 0.875], "texture": "#4"},
				"west": {"uv": [10.5, 3.5, 10.625, 3.875], "texture": "#4"},
				"up": {"uv": [4.375, 10.625, 4, 10.5], "texture": "#4"},
				"down": {"uv": [10.875, 4, 10.5, 4.125], "texture": "#4"}
			}
		},
		{
			"from": [7.79, 7.10293, 10.29358],
			"to": [8.61, 8.25293, 10.59358],
			"rotation": {"angle": 0, "axis": "y", "origin": [-0.01, 13.70293, 10.09358]},
			"faces": {
				"north": {"uv": [0.5, 8, 0.9375, 8.5625], "texture": "#4"},
				"east": {"uv": [6, 10, 6.125, 10.5625], "texture": "#4"},
				"south": {"uv": [8, 2.5, 8.4375, 3.0625], "texture": "#4"},
				"west": {"uv": [10, 6, 10.125, 6.5625], "texture": "#4"},
				"up": {"uv": [2.4375, 10.625, 2, 10.5], "texture": "#4"},
				"down": {"uv": [10.9375, 2, 10.5, 2.125], "texture": "#4"}
			}
		},
		{
			"from": [7.8, 5.11063, 7.49733],
			"to": [8.6, 7.66063, 8.69733],
			"rotation": {"angle": -22.5, "axis": "x", "origin": [0, 14.41063, 10.29733]},
			"faces": {
				"north": {"uv": [0.5, 3.5, 0.875, 4.75], "texture": "#4"},
				"east": {"uv": [0, 0, 0.625, 1.25], "texture": "#4"},
				"south": {"uv": [3.5, 4, 3.875, 5.25], "texture": "#4"},
				"west": {"uv": [1, 0, 1.625, 1.25], "texture": "#4"},
				"up": {"uv": [8.375, 4.125, 8, 3.5], "texture": "#4"},
				"down": {"uv": [4.875, 8, 4.5, 8.625], "texture": "#4"}
			}
		},
		{
			"from": [7.8, 8.8, 8],
			"to": [8.6, 9, 10.3],
			"rotation": {"angle": 0, "axis": "y", "origin": [0, 2.2, 15]},
			"faces": {
				"north": {"uv": [3, 10.5, 3.375, 10.625], "texture": "#4"},
				"east": {"uv": [7.5, 8.5, 8.625, 8.625], "texture": "#4"},
				"south": {"uv": [10.5, 3, 10.875, 3.125], "texture": "#4"},
				"west": {"uv": [0, 9, 1.125, 9.125], "texture": "#4"},
				"up": {"uv": [1.875, 5.625, 1.5, 4.5], "texture": "#4"},
				"down": {"uv": [4.875, 4, 4.5, 5.125], "texture": "#4"}
			}
		},
		{
			"from": [8.1, 9, -1.5],
			"to": [8.3, 9.5, -0.5],
			"rotation": {"angle": 22.5, "axis": "x", "origin": [0, 0, 0]},
			"faces": {
				"north": {"uv": [6.5, 10.5, 6.625, 10.75], "texture": "#4"},
				"east": {"uv": [6, 9, 6.5, 9.25], "texture": "#4"},
				"south": {"uv": [10.5, 6.5, 10.625, 6.75], "texture": "#4"},
				"west": {"uv": [6.5, 9, 7, 9.25], "texture": "#4"},
				"up": {"uv": [10.125, 10, 10, 9.5], "texture": "#4"},
				"down": {"uv": [10.125, 10, 10, 10.5], "texture": "#4"}
			}
		},
		{
			"from": [7.8, 5.17055, 8.72446],
			"to": [8.6, 5.47055, 11.82446],
			"rotation": {"angle": 22.5, "axis": "x", "origin": [0.1, 15.97055, 14.62446]},
			"faces": {
				"north": {"uv": [5, 10.5, 5.375, 10.625], "texture": "#4"},
				"east": {"uv": [8, 5.5, 9.5625, 5.625], "texture": "#4"},
				"south": {"uv": [10.5, 5, 10.875, 5.125], "texture": "#4"},
				"west": {"uv": [6, 8, 7.5625, 8.125], "texture": "#4"},
				"up": {"uv": [0.375, 3.0625, 0, 1.5], "texture": "#4"},
				"down": {"uv": [0.875, 1.5, 0.5, 3.0625], "texture": "#4"}
			}
		},
		{
			"from": [8, 4.69443, 5.67435],
			"to": [8.4, 5.39443, 7.27435],
			"rotation": {"angle": 22.5, "axis": "x", "origin": [0.2, 4.79443, 14.37435]},
			"faces": {
				"north": {"uv": [6.5, 10, 6.6875, 10.375], "texture": "#4"},
				"east": {"uv": [7, 7.5, 7.8125, 7.875], "texture": "#4"},
				"south": {"uv": [7, 10, 7.1875, 10.375], "texture": "#4"},
				"west": {"uv": [8, 2, 8.8125, 2.375], "texture": "#4"},
				"up": {"uv": [8.6875, 5.3125, 8.5, 4.5], "texture": "#4"},
				"down": {"uv": [5.6875, 8.5, 5.5, 9.3125], "texture": "#4"}
			}
		},
		{
			"from": [7.8, 7.06416, 7.90462],
			"to": [8.6, 7.26416, 10.30462],
			"rotation": {"angle": 0, "axis": "y", "origin": [0.1, 16.06416, 14.60462]},
			"faces": {
				"north": {"uv": [10.5, 5.5, 10.875, 5.625], "texture": "#4"},
				"east": {"uv": [6, 8.5, 7.1875, 8.625], "texture": "#4"},
				"south": {"uv": [10.5, 6, 10.875, 6.125], "texture": "#4"},
				"west": {"uv": [8.5, 6, 9.6875, 6.125], "texture": "#4"},
				"up": {"uv": [4.375, 5.1875, 4, 4], "texture": "#4"},
				"down": {"uv": [1.375, 4.5, 1, 5.6875], "texture": "#4"}
			}
		},
		{
			"from": [8, 6.28179, 8.92829],
			"to": [8.4, 6.48179, 10.02829],
			"rotation": {"angle": 0, "axis": "y", "origin": [8.2, 6.38179, 9.12829]},
			"faces": {
				"north": {"uv": [1.5, 11, 1.6875, 11.125], "texture": "#4"},
				"east": {"uv": [10, 7, 10.5625, 7.125], "texture": "#4"},
				"south": {"uv": [11, 1.5, 11.1875, 1.625], "texture": "#4"},
				"west": {"uv": [10, 7.5, 10.5625, 7.625], "texture": "#4"},
				"up": {"uv": [7.6875, 10.0625, 7.5, 9.5], "texture": "#4"},
				"down": {"uv": [8.6875, 9.5, 8.5, 10.0625], "texture": "#4"}
			}
		},
		{
			"from": [8, 6.71416, 9.85462],
			"to": [8.4, 7.61416, 10.05462],
			"rotation": {"angle": 22.5, "axis": "x", "origin": [8.2, 6.56416, 8.95462]},
			"faces": {
				"north": {"uv": [10, 4.5, 10.1875, 4.9375], "texture": "#4"},
				"east": {"uv": [2.5, 10.5, 2.625, 10.9375], "texture": "#4"},
				"south": {"uv": [5, 10, 5.1875, 10.4375], "texture": "#4"},
				"west": {"uv": [10.5, 2.5, 10.625, 2.9375], "texture": "#4"},
				"up": {"uv": [2.1875, 11.125, 2, 11], "texture": "#4"},
				"down": {"uv": [11.1875, 2, 11, 2.125], "texture": "#4"}
			}
		},
		{
			"from": [8, 6.2207, 8.5808],
			"to": [8.4, 7.3207, 8.7808],
			"rotation": {"angle": -45, "axis": "x", "origin": [8.2, 6.6707, 8.6808]},
			"faces": {
				"north": {"uv": [9, 9.5, 9.1875, 10.0625], "texture": "#4"},
				"east": {"uv": [8, 10, 8.125, 10.5625], "texture": "#4"},
				"south": {"uv": [9.5, 9, 9.6875, 9.5625], "texture": "#4"},
				"west": {"uv": [10, 8, 10.125, 8.5625], "texture": "#4"},
				"up": {"uv": [2.6875, 11.125, 2.5, 11], "texture": "#4"},
				"down": {"uv": [11.1875, 2.5, 11, 2.625], "texture": "#4"}
			}
		},
		{
			"from": [8.1, 6.66615, 9.25811],
			"to": [8.3, 6.86615, 9.65811],
			"rotation": {"angle": -22.5, "axis": "x", "origin": [8.2, 6.76615, 9.45811]},
			"faces": {
				"north": {"uv": [8, 11, 8.125, 11.125], "texture": "#4"},
				"east": {"uv": [3, 11, 3.1875, 11.125], "texture": "#4"},
				"south": {"uv": [11, 8, 11.125, 8.125], "texture": "#4"},
				"west": {"uv": [11, 3, 11.1875, 3.125], "texture": "#4"},
				"up": {"uv": [3.625, 11.1875, 3.5, 11], "texture": "#4"},
				"down": {"uv": [11.125, 3.5, 11, 3.6875], "texture": "#4"}
			}
		},
		{
			"from": [8.1, 7.01416, 9.35462],
			"to": [8.3, 7.41416, 9.55462],
			"rotation": {"angle": 22.5, "axis": "x", "origin": [8.2, 6.56416, 8.95462]},
			"faces": {
				"north": {"uv": [4, 11, 4.125, 11.1875], "texture": "#4"},
				"east": {"uv": [11, 4, 11.125, 4.1875], "texture": "#4"},
				"south": {"uv": [4.5, 11, 4.625, 11.1875], "texture": "#4"},
				"west": {"uv": [11, 4.5, 11.125, 4.6875], "texture": "#4"},
				"up": {"uv": [8.625, 11.125, 8.5, 11], "texture": "#4"},
				"down": {"uv": [11.125, 8.5, 11, 8.625], "texture": "#4"}
			}
		}
	],
	"display": {
		"thirdperson_righthand": {
			"translation": [0, 0.75, -1]
		},
		"firstperson_righthand": {
			"rotation": [0, -6, 0],
			"translation": [3.75, 1, -5],
			"scale": [2, 2, 2]
		},
		"firstperson_lefthand": {
			"rotation": [0, -9.5, 0],
			"translation": [4, 1, -5],
			"scale": [2, 2, 2]
		},
		"ground": {
			"rotation": [-0.26, -47.29, 93.82],
			"scale": [2, 2, 2]
		},
		"gui": {
			"rotation": [75.64, -53.76, 82.92],
			"translation": [-2, 0, 29],
			"scale": [2, 2, 2]
		},
		"fixed": {
			"rotation": [0, 90, 0],
			"scale": [2, 2, 2]
		}
	},
	"groups": [
		0,
		1,
		2,
		3,
		4,
		5,
		6,
		7,
		{
			"name": "барабан",
			"origin": [6.56282, -4.02064, 13.9],
			"color": 0,
			"children": [8, 9, 10, 11, 12, 13, 14, 15, 16, 17, 18, 19, 20, 21]
		},
		22,
		23,
		24,
		25,
		26,
		27,
		28,
		29,
		30,
		31,
		32,
		33,
		{
			"name": "курок",
			"origin": [8.2, 6.56416, 8.95462],
			"color": 0,
			"children": [34, 35, 36, 37, 38]
		}
	]
}