{
	"credit": "Made with Blockbench",
	"texture_size": [32, 32],
	"textures": {
		"0": "./coke",
		"particle": "./coke"
	},
	"elements": [
		{
			"from": [7, 0, 10],
			"to": [9, 10, 10],
			"rotation": {"angle": -45, "axis": "y", "origin": [8, 0, 8]},
			"faces": {
				"north": {"uv": [5, 0, 6, 5], "texture": "#0"},
				"east": {"uv": [0, 0, 0, 5], "texture": "#0"},
				"south": {"uv": [1, 5, 2, 10], "texture": "#0"},
				"west": {"uv": [0, 0, 0, 5], "texture": "#0"},
				"up": {"uv": [1, 0, 0, 0], "texture": "#0"},
				"down": {"uv": [1, 0, 0, 0], "texture": "#0"}
			}
		},
		{
			"from": [5.9, 0, 7.2],
			"to": [5.9, 10, 8.8],
			"rotation": {"angle": 0, "axis": "y", "origin": [8, 0, 8]},
			"faces": {
				"north": {"uv": [0, 0, 0, 5], "texture": "#0"},
				"east": {"uv": [2, 5, 2.75, 10], "texture": "#0"},
				"south": {"uv": [0, 0, 0, 5], "texture": "#0"},
				"west": {"uv": [3, 5, 3.75, 10], "texture": "#0"},
				"up": {"uv": [0, 0.75, 0, 0], "texture": "#0"},
				"down": {"uv": [0, 0, 0, 0.75], "texture": "#0"}
			}
		},
		{
			"from": [6, 0, 7],
			"to": [6, 10, 9],
			"rotation": {"angle": -45, "axis": "y", "origin": [8, 0, 8]},
			"faces": {
				"north": {"uv": [0, 0, 0, 5], "texture": "#0"},
				"east": {"uv": [4, 0, 5, 5], "texture": "#0"},
				"south": {"uv": [0, 0, 0, 5], "texture": "#0"},
				"west": {"uv": [0, 5, 1, 10], "texture": "#0"},
				"up": {"uv": [0, 1, 0, 0], "texture": "#0"},
				"down": {"uv": [0, 0, 0, 1], "texture": "#0"}
			}
		},
		{
			"from": [7.2, 0, 5.9],
			"to": [8.8, 10, 5.9],
			"rotation": {"angle": 0, "axis": "y", "origin": [8, 0, 8]},
			"faces": {
				"north": {"uv": [4, 5, 4.75, 10], "texture": "#0"},
				"east": {"uv": [0, 0, 0, 5], "texture": "#0"},
				"south": {"uv": [5, 5, 5.75, 10], "texture": "#0"},
				"west": {"uv": [0, 0, 0, 5], "texture": "#0"},
				"up": {"uv": [0.75, 0, 0, 0], "texture": "#0"},
				"down": {"uv": [0.75, 0, 0, 0], "texture": "#0"}
			}
		},
		{
			"from": [7, 0, 6],
			"to": [9, 10, 6],
			"rotation": {"angle": -45, "axis": "y", "origin": [8, 0, 8]},
			"faces": {
				"north": {"uv": [0, 0, 1, 5], "texture": "#0"},
				"east": {"uv": [0, 0, 0, 5], "texture": "#0"},
				"south": {"uv": [1, 0, 2, 5], "texture": "#0"},
				"west": {"uv": [0, 0, 0, 5], "texture": "#0"},
				"up": {"uv": [1, 0, 0, 0], "texture": "#0"},
				"down": {"uv": [1, 0, 0, 0], "texture": "#0"}
			}
		},
		{
			"from": [10.1, 0, 7.2],
			"to": [10.1, 10, 8.8],
			"rotation": {"angle": 0, "axis": "y", "origin": [8, 0, 8]},
			"faces": {
				"north": {"uv": [0, 0, 0, 5], "texture": "#0"},
				"east": {"uv": [7, 0, 7.75, 5], "texture": "#0"},
				"south": {"uv": [0, 0, 0, 5], "texture": "#0"},
				"west": {"uv": [7, 5, 7.75, 10], "texture": "#0"},
				"up": {"uv": [0, 0.75, 0, 0], "texture": "#0"},
				"down": {"uv": [0, 0, 0, 0.75], "texture": "#0"}
			}
		},
		{
			"from": [10, 0, 7],
			"to": [10, 10, 9],
			"rotation": {"angle": -45, "axis": "y", "origin": [8, 0, 8]},
			"faces": {
				"north": {"uv": [0, 0, 0, 5], "texture": "#0"},
				"east": {"uv": [2, 0, 3, 5], "texture": "#0"},
				"south": {"uv": [0, 0, 0, 5], "texture": "#0"},
				"west": {"uv": [3, 0, 4, 5], "texture": "#0"},
				"up": {"uv": [0, 1, 0, 0], "texture": "#0"},
				"down": {"uv": [0, 0, 0, 1], "texture": "#0"}
			}
		},
		{
			"from": [7.2, 0, 10.1],
			"to": [8.8, 10, 10.1],
			"rotation": {"angle": 0, "axis": "y", "origin": [8, 0, 8]},
			"faces": {
				"north": {"uv": [6, 0, 6.75, 5], "texture": "#0"},
				"east": {"uv": [0, 0, 0, 5], "texture": "#0"},
				"south": {"uv": [6, 5, 6.75, 10], "texture": "#0"},
				"west": {"uv": [0, 0, 0, 5], "texture": "#0"},
				"up": {"uv": [0.75, 0, 0, 0], "texture": "#0"},
				"down": {"uv": [0.75, 0, 0, 0], "texture": "#0"}
			}
		},
		{
			"from": [5.9, 9.83, 7.2],
			"to": [10.1, 9.83, 8.8],
			"rotation": {"angle": 0, "axis": "y", "origin": [8, 9.8, 8]},
			"faces": {
				"north": {"uv": [0, 0, 2, 0], "texture": "#0"},
				"east": {"uv": [0, 0, 0.75, 0], "texture": "#0"},
				"south": {"uv": [0, 0, 2, 0], "texture": "#0"},
				"west": {"uv": [0, 0, 0.75, 0], "texture": "#0"},
				"up": {"uv": [10, 0.75, 8, 0], "texture": "#0"},
				"down": {"uv": [10, 1, 8, 1.75], "texture": "#0"}
			}
		},
		{
			"from": [7.2, 9.8, 5.9],
			"to": [8.8, 9.8, 10.1],
			"rotation": {"angle": 0, "axis": "y", "origin": [8, 9.81, 8]},
			"faces": {
				"north": {"uv": [0, 0, 0.75, 0], "texture": "#0"},
				"east": {"uv": [0, 0, 2, 0], "texture": "#0"},
				"south": {"uv": [0, 0, 0.75, 0], "texture": "#0"},
				"west": {"uv": [0, 0, 2, 0], "texture": "#0"},
				"up": {"uv": [8.75, 8, 8, 6], "texture": "#0"},
				"down": {"uv": [8.75, 8, 8, 10], "texture": "#0"}
			}
		},
		{
			"from": [6, 9.81, 7.2],
			"to": [10, 9.81, 8.8],
			"rotation": {"angle": 45, "axis": "y", "origin": [8, 9.8, 8]},
			"faces": {
				"north": {"uv": [0, 0, 2, 0], "texture": "#0"},
				"east": {"uv": [0, 0, 0.75, 0], "texture": "#0"},
				"south": {"uv": [0, 0, 2, 0], "texture": "#0"},
				"west": {"uv": [0, 0, 0.75, 0], "texture": "#0"},
				"up": {"uv": [11, 2.75, 9, 2], "texture": "#0"},
				"down": {"uv": [11, 3, 9, 3.75], "texture": "#0"}
			}
		},
		{
			"from": [7.2, 9.82, 6],
			"to": [8.8, 9.82, 10],
			"rotation": {"angle": 45, "axis": "y", "origin": [8, 9.8, 8]},
			"faces": {
				"north": {"uv": [0, 0, 0.75, 0], "texture": "#0"},
				"east": {"uv": [0, 0, 2, 0], "texture": "#0"},
				"south": {"uv": [0, 0, 0.75, 0], "texture": "#0"},
				"west": {"uv": [0, 0, 2, 0], "texture": "#0"},
				"up": {"uv": [8.75, 4, 8, 2], "texture": "#0"},
				"down": {"uv": [8.75, 4, 8, 6], "texture": "#0"}
			}
		},
		{
			"from": [7.2, 0.2, 6],
			"to": [8.8, 0.2, 10],
			"rotation": {"angle": 45, "axis": "y", "origin": [8, -0.2, 8]},
			"faces": {
				"north": {"uv": [0, 0, 0.75, 0], "texture": "#0"},
				"east": {"uv": [0, 0, 2, 0], "texture": "#0"},
				"south": {"uv": [0, 0, 0.75, 0], "texture": "#0"},
				"west": {"uv": [0, 0, 2, 0], "texture": "#0"},
				"up": {"uv": [9.75, 6, 9, 4], "texture": "#0"},
				"down": {"uv": [9.75, 6, 9, 8], "texture": "#0"}
			}
		},
		{
			"from": [6, 0.2, 7.2],
			"to": [10, 0.2, 8.8],
			"rotation": {"angle": 45, "axis": "y", "origin": [8, -0.2, 8]},
			"faces": {
				"north": {"uv": [0, 0, 2, 0], "texture": "#0"},
				"east": {"uv": [0, 0, 0.75, 0], "texture": "#0"},
				"south": {"uv": [0, 0, 2, 0], "texture": "#0"},
				"west": {"uv": [0, 0, 0.75, 0], "texture": "#0"},
				"up": {"uv": [11, 8.75, 9, 8], "texture": "#0"},
				"down": {"uv": [11, 9, 9, 9.75], "texture": "#0"}
			}
		},
		{
			"from": [7.2, 0.2, 5.9],
			"to": [8.8, 0.2, 10.1],
			"rotation": {"angle": 0, "axis": "y", "origin": [8, -0.19, 8]},
			"faces": {
				"north": {"uv": [0, 0, 0.75, 0], "texture": "#0"},
				"east": {"uv": [0, 0, 2, 0], "texture": "#0"},
				"south": {"uv": [0, 0, 0.75, 0], "texture": "#0"},
				"west": {"uv": [0, 0, 2, 0], "texture": "#0"},
				"up": {"uv": [0.75, 12, 0, 10], "texture": "#0"},
				"down": {"uv": [10.75, 0, 10, 2], "texture": "#0"}
			}
		},
		{
			"from": [5.9, 0.2, 7.2],
			"to": [10.1, 0.2, 8.8],
			"rotation": {"angle": 0, "axis": "y", "origin": [8, -0.2, 8]},
			"faces": {
				"north": {"uv": [0, 0, 2, 0], "texture": "#0"},
				"east": {"uv": [0, 0, 0.75, 0], "texture": "#0"},
				"south": {"uv": [0, 0, 2, 0], "texture": "#0"},
				"west": {"uv": [0, 0, 0.75, 0], "texture": "#0"},
				"up": {"uv": [3, 10.75, 1, 10], "texture": "#0"},
				"down": {"uv": [5, 10, 3, 10.75], "texture": "#0"}
			}
		}
	],
	"gui_light": "front",
	"display": {
		"thirdperson_righthand": {
			"rotation": [-180, 28, -180],
			"translation": [0, 0.25, 0.25],
			"scale": [0.62, 0.62, 0.62]
		},
		"thirdperson_lefthand": {
			"rotation": [180, -28, -180],
			"translation": [0, 0.25, 0.25],
			"scale": [0.62, 0.62, 0.62]
		},
		"firstperson_righthand": {
			"rotation": [-180, 45, -180],
			"translation": [-0.75, 3.25, 0]
		},
		"firstperson_lefthand": {
			"rotation": [-180, -27.75, 180],
			"translation": [-0.75, 3.25, 0]
		},
		"ground": {
			"translation": [0, 5, 0]
		},
		"gui": {
			"rotation": [-6.08, -31.56, -36.83],
			"translation": [1.25, 3, 0],
			"scale": [1.19, 1.19, 1.19]
		},
		"head": {
			"rotation": [0, 180, 0],
			"translation": [0, 13, 7]
		},
		"fixed": {
			"rotation": [90, 0, -180],
			"translation": [0, 0, -8.25],
			"scale": [1.17, 1.17, 1.17]
		}
	},
	"groups": [
		{
			"name": "group",
			"origin": [8, 0, 8],
			"color": 0,
			"children": [0, 1, 2, 3, 4, 5, 6, 7]
		},
		{
			"name": "group",
			"origin": [8, 9.8, 8],
			"color": 0,
			"children": [
				8,
				9,
				10,
				11,
				{
					"name": "group",
					"origin": [8, 9.8, 8],
					"color": 0,
					"children": [12, 13, 14, 15]
				}
			]
		}
	]
}