{
	"credit": "Made with Blockbench",
	"texture_size": [32, 32],
	"textures": {
		"0": "./texture",
		"particle": "./texture"
	},
	"elements": [
		{
			"from": [1, 17, 7],
			"to": [9, 17.8, 7.8],
			"faces": {
				"north": {"uv": [5, 7.5, 9, 8], "texture": "#0"},
				"east": {"uv": [8, 7, 8.5, 7.5], "texture": "#0"},
				"south": {"uv": [8, 0, 12, 0.5], "texture": "#0"},
				"west": {"uv": [5, 8.5, 5.5, 9], "texture": "#0"},
				"up": {"uv": [12, 1, 8, 0.5], "texture": "#0"},
				"down": {"uv": [12, 1, 8, 1.5], "texture": "#0"}
			}
		},
		{
			"from": [0.6, 3.4, 7],
			"to": [1.4, 17.4, 7.8],
			"rotation": {"angle": 0, "axis": "y", "origin": [8, 3.4, 7.4]},
			"faces": {
				"north": {"uv": [0, 7.5, 0.5, 14.5], "texture": "#0"},
				"east": {"uv": [0.5, 7.5, 1, 14.5], "texture": "#0"},
				"south": {"uv": [1, 7.5, 1.5, 14.5], "texture": "#0"},
				"west": {"uv": [1.5, 7.5, 2, 14.5], "texture": "#0"},
				"up": {"uv": [9, 5.5, 8.5, 5], "texture": "#0"},
				"down": {"uv": [6, 8.5, 5.5, 9], "texture": "#0"}
			}
		},
		{
			"from": [8.6, 3.4, 7],
			"to": [9.4, 17.4, 7.8],
			"rotation": {"angle": 0, "axis": "y", "origin": [8, 3.4, 7.4]},
			"faces": {
				"north": {"uv": [2, 7.5, 2.5, 14.5], "texture": "#0"},
				"east": {"uv": [2.5, 7.5, 3, 14.5], "texture": "#0"},
				"south": {"uv": [3, 7.5, 3.5, 14.5], "texture": "#0"},
				"west": {"uv": [3.5, 7.5, 4, 14.5], "texture": "#0"},
				"up": {"uv": [9, 6, 8.5, 5.5], "texture": "#0"},
				"down": {"uv": [6.5, 8.5, 6, 9], "texture": "#0"}
			}
		},
		{
			"from": [1, 3.7, 7.2],
			"to": [9, 17.1, 7.6],
			"faces": {
				"north": {"uv": [0, 0, 4, 6.5], "texture": "#0"},
				"east": {"uv": [4, 7.5, 4.5, 14], "texture": "#0"},
				"south": {"uv": [4, 0, 8, 6.5], "texture": "#0"},
				"west": {"uv": [4.5, 7.5, 5, 14], "texture": "#0"},
				"up": {"uv": [12, 5, 8, 4.5], "texture": "#0"},
				"down": {"uv": [9, 8, 5, 8.5], "texture": "#0"}
			}
		},
		{
			"from": [6.4, 11.55355, 6.45355],
			"to": [7.4, 11.85355, 7.05355],
			"rotation": {"angle": 0, "axis": "y", "origin": [6.9, 11.70355, 7.25355]},
			"faces": {
				"north": {"uv": [9.5, 5, 10, 5.5], "texture": "#0"},
				"east": {"uv": [5.5, 9.5, 6, 10], "texture": "#0"},
				"south": {"uv": [9.5, 5.5, 10, 6], "texture": "#0"},
				"west": {"uv": [6, 9.5, 6.5, 10], "texture": "#0"},
				"up": {"uv": [10, 6.5, 9.5, 6], "texture": "#0"},
				"down": {"uv": [7, 9.5, 6.5, 10], "texture": "#0"}
			}
		},
		{
			"from": [6.4, 9.92218, 6.45355],
			"to": [7.4, 10.22218, 7.05355],
			"rotation": {"angle": 0, "axis": "y", "origin": [6.9, 11.67218, 7.25355]},
			"faces": {
				"north": {"uv": [8, 9, 8.5, 9.5], "texture": "#0"},
				"east": {"uv": [9, 8, 9.5, 8.5], "texture": "#0"},
				"south": {"uv": [8.5, 9, 9, 9.5], "texture": "#0"},
				"west": {"uv": [9, 8.5, 9.5, 9], "texture": "#0"},
				"up": {"uv": [9.5, 9.5, 9, 9], "texture": "#0"},
				"down": {"uv": [5.5, 9.5, 5, 10], "texture": "#0"}
			}
		},
		{
			"from": [6.4, 10.48787, 5.88787],
			"to": [7.4, 11.28787, 6.18787],
			"rotation": {"angle": 0, "axis": "y", "origin": [5.1, 11.28787, 5.78787]},
			"faces": {
				"north": {"uv": [6.5, 9, 7, 9.5], "texture": "#0"},
				"east": {"uv": [9, 6.5, 9.5, 7], "texture": "#0"},
				"south": {"uv": [7, 9, 7.5, 9.5], "texture": "#0"},
				"west": {"uv": [9, 7, 9.5, 7.5], "texture": "#0"},
				"up": {"uv": [8, 9.5, 7.5, 9], "texture": "#0"},
				"down": {"uv": [9.5, 7.5, 9, 8], "texture": "#0"}
			}
		},
		{
			"from": [6.4, 10.94749, 6.40962],
			"to": [7.4, 11.74749, 6.70962],
			"rotation": {"angle": 45, "axis": "x", "origin": [6.9, 11.74749, 6.55962]},
			"faces": {
				"north": {"uv": [5, 9, 5.5, 9.5], "texture": "#0"},
				"east": {"uv": [9, 5, 9.5, 5.5], "texture": "#0"},
				"south": {"uv": [5.5, 9, 6, 9.5], "texture": "#0"},
				"west": {"uv": [9, 5.5, 9.5, 6], "texture": "#0"},
				"up": {"uv": [6.5, 9.5, 6, 9], "texture": "#0"},
				"down": {"uv": [9.5, 6, 9, 6.5], "texture": "#0"}
			}
		},
		{
			"from": [6.4, 9.79393, 5.84393],
			"to": [7.4, 10.59393, 6.14393],
			"rotation": {"angle": -45, "axis": "x", "origin": [6.9, 10.59393, 5.99393]},
			"faces": {
				"north": {"uv": [8.5, 6.5, 9, 7], "texture": "#0"},
				"east": {"uv": [7, 8.5, 7.5, 9], "texture": "#0"},
				"south": {"uv": [8.5, 7, 9, 7.5], "texture": "#0"},
				"west": {"uv": [7.5, 8.5, 8, 9], "texture": "#0"},
				"up": {"uv": [8.5, 9, 8, 8.5], "texture": "#0"},
				"down": {"uv": [9, 8.5, 8.5, 9], "texture": "#0"}
			}
		},
		{
			"from": [2.4, 9.79393, 5.84393],
			"to": [3.4, 10.59393, 6.14393],
			"rotation": {"angle": -45, "axis": "x", "origin": [2.9, 10.59393, 5.99393]},
			"faces": {
				"north": {"uv": [9.5, 6.5, 10, 7], "texture": "#0"},
				"east": {"uv": [7, 9.5, 7.5, 10], "texture": "#0"},
				"south": {"uv": [9.5, 7, 10, 7.5], "texture": "#0"},
				"west": {"uv": [7.5, 9.5, 8, 10], "texture": "#0"},
				"up": {"uv": [10, 8, 9.5, 7.5], "texture": "#0"},
				"down": {"uv": [8.5, 9.5, 8, 10], "texture": "#0"}
			}
		},
		{
			"from": [2.4, 10.94749, 6.40962],
			"to": [3.4, 11.74749, 6.70962],
			"rotation": {"angle": 45, "axis": "x", "origin": [2.9, 11.74749, 6.55962]},
			"faces": {
				"north": {"uv": [9.5, 8, 10, 8.5], "texture": "#0"},
				"east": {"uv": [8.5, 9.5, 9, 10], "texture": "#0"},
				"south": {"uv": [9.5, 8.5, 10, 9], "texture": "#0"},
				"west": {"uv": [9, 9.5, 9.5, 10], "texture": "#0"},
				"up": {"uv": [10, 9.5, 9.5, 9], "texture": "#0"},
				"down": {"uv": [10, 9.5, 9.5, 10], "texture": "#0"}
			}
		},
		{
			"from": [2.4, 10.48787, 5.88787],
			"to": [3.4, 11.28787, 6.18787],
			"rotation": {"angle": 0, "axis": "y", "origin": [1.1, 11.28787, 5.78787]},
			"faces": {
				"north": {"uv": [5, 10, 5.5, 10.5], "texture": "#0"},
				"east": {"uv": [10, 5, 10.5, 5.5], "texture": "#0"},
				"south": {"uv": [5.5, 10, 6, 10.5], "texture": "#0"},
				"west": {"uv": [10, 5.5, 10.5, 6], "texture": "#0"},
				"up": {"uv": [6.5, 10.5, 6, 10], "texture": "#0"},
				"down": {"uv": [10.5, 6, 10, 6.5], "texture": "#0"}
			}
		},
		{
			"from": [2.4, 9.92218, 6.45355],
			"to": [3.4, 10.22218, 7.05355],
			"rotation": {"angle": 0, "axis": "y", "origin": [2.9, 11.67218, 7.25355]},
			"faces": {
				"north": {"uv": [6.5, 10, 7, 10.5], "texture": "#0"},
				"east": {"uv": [10, 6.5, 10.5, 7], "texture": "#0"},
				"south": {"uv": [7, 10, 7.5, 10.5], "texture": "#0"},
				"west": {"uv": [10, 7, 10.5, 7.5], "texture": "#0"},
				"up": {"uv": [8, 10.5, 7.5, 10], "texture": "#0"},
				"down": {"uv": [10.5, 7.5, 10, 8], "texture": "#0"}
			}
		},
		{
			"from": [2.4, 11.55355, 6.45355],
			"to": [3.4, 11.85355, 7.05355],
			"rotation": {"angle": 0, "axis": "y", "origin": [2.9, 11.70355, 7.25355]},
			"faces": {
				"north": {"uv": [8, 10, 8.5, 10.5], "texture": "#0"},
				"east": {"uv": [10, 8, 10.5, 8.5], "texture": "#0"},
				"south": {"uv": [8.5, 10, 9, 10.5], "texture": "#0"},
				"west": {"uv": [10, 8.5, 10.5, 9], "texture": "#0"},
				"up": {"uv": [9.5, 10.5, 9, 10], "texture": "#0"},
				"down": {"uv": [10.5, 9, 10, 9.5], "texture": "#0"}
			}
		},
		{
			"from": [6.4, 9.79393, 5.84393],
			"to": [7.4, 10.59393, 6.14393],
			"rotation": {"angle": -45, "axis": "x", "origin": [6.9, 10.59393, 5.99393]},
			"color": 1,
			"faces": {
				"north": {"uv": [0, 0, 0.5, 0.4], "rotation": 180, "texture": "#missing"},
				"east": {"uv": [0, 0, 0.15, 0.4], "rotation": 180, "texture": "#missing"},
				"south": {"uv": [0, 0, 0.5, 0.4], "rotation": 180, "texture": "#missing"},
				"west": {"uv": [0, 0, 0.15, 0.4], "rotation": 180, "texture": "#missing"},
				"up": {"uv": [0, 0, 0.5, 0.15], "texture": "#missing"},
				"down": {"uv": [0, 0, 0.5, 0.15], "texture": "#missing"}
			}
		},
		{
			"from": [6.4, 10.94749, 6.40962],
			"to": [7.4, 11.74749, 6.70962],
			"rotation": {"angle": 45, "axis": "x", "origin": [6.9, 11.74749, 6.55962]},
			"color": 1,
			"faces": {
				"north": {"uv": [0, 0, 0.5, 0.4], "rotation": 180, "texture": "#missing"},
				"east": {"uv": [0, 0, 0.15, 0.4], "rotation": 180, "texture": "#missing"},
				"south": {"uv": [0, 0, 0.5, 0.4], "rotation": 180, "texture": "#missing"},
				"west": {"uv": [0, 0, 0.15, 0.4], "rotation": 180, "texture": "#missing"},
				"up": {"uv": [0, 0, 0.5, 0.15], "texture": "#missing"},
				"down": {"uv": [0, 0, 0.5, 0.15], "texture": "#missing"}
			}
		},
		{
			"from": [6.4, 10.48787, 5.88787],
			"to": [7.4, 11.28787, 6.18787],
			"rotation": {"angle": 0, "axis": "y", "origin": [5.1, 11.28787, 5.78787]},
			"color": 1,
			"faces": {
				"north": {"uv": [0, 0, 0.5, 0.4], "rotation": 180, "texture": "#missing"},
				"east": {"uv": [0, 0, 0.15, 0.4], "rotation": 180, "texture": "#missing"},
				"south": {"uv": [0, 0, 0.5, 0.4], "rotation": 180, "texture": "#missing"},
				"west": {"uv": [0, 0, 0.15, 0.4], "rotation": 180, "texture": "#missing"},
				"up": {"uv": [0, 0, 0.5, 0.15], "texture": "#missing"},
				"down": {"uv": [0, 0, 0.5, 0.15], "texture": "#missing"}
			}
		},
		{
			"from": [6.4, 9.92218, 6.45355],
			"to": [7.4, 10.22218, 7.05355],
			"rotation": {"angle": 0, "axis": "y", "origin": [6.9, 11.67218, 7.25355]},
			"color": 1,
			"faces": {
				"north": {"uv": [0, 0, 0.5, 0.15], "rotation": 180, "texture": "#missing"},
				"east": {"uv": [0, 0, 0.15, 0.3], "rotation": 90, "texture": "#missing"},
				"south": {"uv": [0, 0, 0.5, 0.15], "texture": "#missing"},
				"west": {"uv": [0, 0, 0.15, 0.3], "rotation": 270, "texture": "#missing"},
				"up": {"uv": [0, 0, 0.5, 0.3], "texture": "#missing"},
				"down": {"uv": [0, 0, 0.5, 0.3], "rotation": 180, "texture": "#missing"}
			}
		},
		{
			"from": [6.4, 11.55355, 6.45355],
			"to": [7.4, 11.85355, 7.05355],
			"rotation": {"angle": 0, "axis": "y", "origin": [6.9, 11.70355, 7.25355]},
			"color": 1,
			"faces": {
				"north": {"uv": [0, 0, 0.5, 0.15], "rotation": 180, "texture": "#missing"},
				"east": {"uv": [0, 0, 0.15, 0.3], "rotation": 90, "texture": "#missing"},
				"south": {"uv": [0, 0, 0.5, 0.15], "texture": "#missing"},
				"west": {"uv": [0, 0, 0.15, 0.3], "rotation": 270, "texture": "#missing"},
				"up": {"uv": [0, 0, 0.5, 0.3], "texture": "#missing"},
				"down": {"uv": [0, 0, 0.5, 0.3], "rotation": 180, "texture": "#missing"}
			}
		},
		{
			"from": [1, 10, 7],
			"to": [9, 11.8, 7.8],
			"faces": {
				"north": {"uv": [5, 7.5, 9, 8], "texture": "#0"},
				"east": {"uv": [8, 7, 8.5, 7.5], "texture": "#0"},
				"south": {"uv": [6, 11.5, 15.5, 13.5], "texture": "#0"},
				"west": {"uv": [5, 8.5, 5.5, 9], "texture": "#0"},
				"up": {"uv": [12, 1, 8, 0.5], "texture": "#0"},
				"down": {"uv": [12, 1, 8, 1.5], "texture": "#0"}
			}
		},
		{
			"from": [1, 3, 7],
			"to": [9, 3.8, 7.8],
			"faces": {
				"north": {"uv": [5, 7.5, 9, 8], "texture": "#0"},
				"east": {"uv": [8, 7, 8.5, 7.5], "texture": "#0"},
				"south": {"uv": [8, 0, 12, 0.5], "texture": "#0"},
				"west": {"uv": [5, 8.5, 5.5, 9], "texture": "#0"},
				"up": {"uv": [12, 1, 8, 0.5], "texture": "#0"},
				"down": {"uv": [12, 1, 8, 1.5], "texture": "#0"}
			}
		}
	],
	"display": {
		"thirdperson_righthand": {
			"rotation": [-23.5, 90, 25],
			"translation": [3.5, -4.25, 0.5],
			"scale": [1.4, 1.4, 1.4]
		},
		"thirdperson_lefthand": {
			"rotation": [0, 90, 0],
			"translation": [3.5, -3.25, 6.25],
			"scale": [1.4, 1.4, 1.4]
		},
		"firstperson_righthand": {
			"rotation": [180, 0, 180],
			"translation": [-3, -3, 0]
		},
		"firstperson_lefthand": {
			"rotation": [180, 0, 180],
			"translation": [3, -3, 0]
		},
		"gui": {
			"translation": [3.25, -2.25, 0]
		},
		"fixed": {
			"rotation": [180, 0, 180],
			"translation": [-2.75, -2.75, -1]
		}
	},
"overrides": [
        {
            "predicate": {
                "blocking": 1
            },
            "model": "./shield_blocking"
        }
    ]
}