{
	"credit": "Made with Blockbench",
	"textures": {
		"0": "./grif",
		"1": "./golova",
		"2": "./osn",
		"3": "./rightd",
		"4": "./rightup",
		"5": "./leftd1",
		"6": "./leftd2",
		"7": "./leftup",
		"8": "./kolki",
		"9": "./hmbk1",
		"10": "./krutilka",
		"particle": "./grif"
	},
	"elements": [
		{
			"from": [7, 8, 5],
			"to": [9, 16, 11],
			"rotation": {"angle": 0, "axis": "y", "origin": [0, 0, -2]},
			"faces": {
				"north": {"uv": [0, 8, 2, 16], "texture": "#2"},
				"east": {"uv": [0, 0, 6, 8], "texture": "#2"},
				"south": {"uv": [2, 8, 4, 16], "texture": "#2"},
				"west": {"uv": [6, 0, 12, 8], "texture": "#2"},
				"up": {"uv": [6, 14, 4, 8], "texture": "#2"},
				"down": {"uv": [8, 8, 6, 14], "texture": "#2"}
			}
		},
		{
			"from": [6.99, 8, 0.3],
			"to": [8.99, 13, 3.3],
			"rotation": {"angle": 22.5, "axis": "x", "origin": [0, 0, -2]},
			"faces": {
				"north": {"uv": [6, 0, 8, 7], "texture": "#5"},
				"east": {"uv": [0, 0, 3, 7], "texture": "#5"},
				"south": {"uv": [0, 7, 2, 14], "texture": "#5"},
				"west": {"uv": [3, 0, 6, 7], "texture": "#5"},
				"up": {"uv": [4, 10, 2, 7], "texture": "#5"},
				"down": {"uv": [6, 7, 4, 10], "texture": "#5"}
			}
		},
		{
			"from": [7, 0, 5.3],
			"to": [9, 4, 7.3],
			"rotation": {"angle": -22.5, "axis": "x", "origin": [0, 0, -2]},
			"faces": {
				"north": {"uv": [0, 0, 2, 4], "texture": "#6"},
				"east": {"uv": [2, 0, 4, 4], "texture": "#7"},
				"south": {"uv": [0, 4, 2, 8], "texture": "#6"},
				"west": {"uv": [4, 0, 6, 4], "texture": "#6"},
				"up": {"uv": [4, 6, 2, 4], "texture": "#6"},
				"down": {"uv": [6, 4, 4, 6], "texture": "#6"}
			}
		},
		{
			"from": [6.99, 11, 4],
			"to": [8.94, 18, 8],
			"rotation": {"angle": 22.5, "axis": "x", "origin": [0, 0, 0]},
			"faces": {
				"north": {"uv": [0, 7, 2, 14], "texture": "#3"},
				"east": {"uv": [0, 0, 4, 7], "texture": "#3"},
				"south": {"uv": [2, 7, 4, 14], "texture": "#3"},
				"west": {"uv": [4, 0, 8, 7], "texture": "#3"},
				"up": {"uv": [6, 11, 4, 7], "texture": "#3"},
				"down": {"uv": [8, 7, 6, 11], "texture": "#3"}
			}
		},
		{
			"from": [6.98, 16, -4],
			"to": [8.98, 24, -2],
			"rotation": {"angle": 45, "axis": "x", "origin": [0, 0, 0]},
			"faces": {
				"north": {"uv": [0, 0, 2, 8], "texture": "#4"},
				"east": {"uv": [2, 0, 4, 8], "texture": "#4"},
				"south": {"uv": [4, 0, 6, 8], "texture": "#4"},
				"west": {"uv": [6, 0, 8, 8], "texture": "#4"},
				"up": {"uv": [2, 10, 0, 8], "texture": "#4"},
				"down": {"uv": [10, 0, 8, 2], "texture": "#4"}
			}
		},
		{
			"from": [6.99, 13, -2.6],
			"to": [8.99, 18, -0.6],
			"rotation": {"angle": 22.5, "axis": "x", "origin": [0, 0, 0]},
			"faces": {
				"north": {"uv": [0, 0, 2, 5], "texture": "#7"},
				"east": {"uv": [2, 0, 4, 5], "texture": "#7"},
				"south": {"uv": [4, 0, 6, 5], "texture": "#7"},
				"west": {"uv": [0, 5, 2, 10], "texture": "#7"},
				"up": {"uv": [4, 7, 2, 5], "texture": "#7"},
				"down": {"uv": [6, 5, 4, 7], "texture": "#7"}
			}
		},
		{
			"from": [7.2, 16, 7],
			"to": [8.2, 28, 9],
			"faces": {
				"north": {"uv": [0, 0, 2, 12], "texture": "#0"},
				"east": {"uv": [2, 0, 4, 12], "texture": "#0"},
				"south": {"uv": [4, 0, 6, 12], "texture": "#0"},
				"west": {"uv": [6, 0, 8, 12], "texture": "#0"},
				"up": {"uv": [10, 2, 8, 0], "texture": "#0"},
				"down": {"uv": [10, 2, 8, 4], "texture": "#0"}
			}
		},
		{
			"from": [7.25, 27, -5],
			"to": [8.25, 32, -2],
			"rotation": {"angle": 22.5, "axis": "x", "origin": [0, 0, 0]},
			"faces": {
				"north": {"uv": [0, 5, 1, 10], "texture": "#1"},
				"east": {"uv": [0, 0, 3, 5], "texture": "#1"},
				"south": {"uv": [1, 5, 2, 10], "texture": "#1"},
				"west": {"uv": [3, 0, 6, 5], "texture": "#1"},
				"up": {"uv": [3, 8, 2, 5], "texture": "#1"},
				"down": {"uv": [4, 5, 3, 8], "texture": "#1"}
			}
		},
		{
			"from": [7.75, 27, -6],
			"to": [7.75, 32, -5],
			"rotation": {"angle": 22.5, "axis": "x", "origin": [0, 0, 0]},
			"faces": {
				"north": {"uv": [0, 0, 0, 5], "texture": "#8"},
				"east": {"uv": [0, 0, 1, 5], "texture": "#8"},
				"south": {"uv": [0, 0, 0, 5], "texture": "#8"},
				"west": {"uv": [1, 0, 2, 5], "texture": "#8"},
				"up": {"uv": [0, 1, 0, 0], "texture": "#8"},
				"down": {"uv": [0, 0, 0, 1], "texture": "#8"}
			}
		},
		{
			"from": [6.8, 14.6, 6.5],
			"to": [7.2, 16.1, 9.5],
			"faces": {
				"north": {"uv": [0, 4, 1, 6], "texture": "#1"},
				"east": {"uv": [0, 0, 3, 2], "texture": "#9"},
				"south": {"uv": [4, 0, 5, 2], "texture": "#9"},
				"west": {"uv": [0, 2, 3, 4], "texture": "#9"},
				"up": {"uv": [4, 3, 3, 0], "texture": "#9"},
				"down": {"uv": [4, 3, 3, 6], "texture": "#9"}
			}
		},
		{
			"from": [6.8, 12.1, 6.5],
			"to": [7.2, 13.6, 9.5],
			"faces": {
				"north": {"uv": [0, 4, 1, 6], "texture": "#1"},
				"east": {"uv": [0, 0, 3, 2], "texture": "#9"},
				"south": {"uv": [4, 0, 5, 2], "texture": "#9"},
				"west": {"uv": [0, 2, 3, 4], "texture": "#9"},
				"up": {"uv": [4, 3, 3, 0], "texture": "#9"},
				"down": {"uv": [4, 3, 3, 6], "texture": "#9"}
			}
		},
		{
			"from": [6.6, 9, 10],
			"to": [7.6, 10, 11],
			"faces": {
				"north": {"uv": [0, 0, 1, 1], "texture": "#10"},
				"east": {"uv": [0, 0, 1, 1], "texture": "#missing"},
				"south": {"uv": [0, 0, 1, 1], "texture": "#10"},
				"west": {"uv": [0, 0, 1, 1], "texture": "#10"},
				"up": {"uv": [0, 0, 1, 1], "texture": "#10"},
				"down": {"uv": [0, 0, 1, 1], "texture": "#10"}
			}
		},
		{
			"from": [6.6, 15, 6],
			"to": [7.6, 16, 7],
			"rotation": {"angle": 22.5, "axis": "x", "origin": [0, 0, 0]},
			"faces": {
				"north": {"uv": [0, 0, 1, 1], "texture": "#10"},
				"east": {"uv": [0, 1, 1, 2], "texture": "#10"},
				"south": {"uv": [1, 0, 2, 1], "texture": "#10"},
				"west": {"uv": [1, 1, 2, 2], "texture": "#10"},
				"up": {"uv": [1, 3, 0, 2], "texture": "#10"},
				"down": {"uv": [3, 0, 2, 1], "texture": "#10"}
			}
		}
	],
	"display": {
		"thirdperson_righthand": {
			"rotation": [166.52, -40.94, 88.53],
			"translation": [-1.25, 0.5, 0.25]
		},
		"thirdperson_lefthand": {
			"rotation": [157.94, 16.69, -89.11],
			"translation": [-12.5, -1.25, -0.5]
		},
		"firstperson_righthand": {
			"rotation": [111, -27, 91],
			"translation": [-1.75, -1.5, 1]
		},
		"firstperson_lefthand": {
			"rotation": [109, 27, -89],
			"translation": [-16.25, -1.25, 0.75]
		},
		"ground": {
			"rotation": [-0.11, -24.11, -90.69],
			"translation": [-6.75, 0, -3.25]
		},
		"gui": {
			"rotation": [45.64, 45.55, -66.11],
			"translation": [-5, -8, 0],
			"scale": [1, 1, 0.99]
		},
		"head": {
			"rotation": [-60, 0, 0],
			"translation": [0, 1.75, -7.5]
		},
		"fixed": {
			"rotation": [90, -90, 90],
			"translation": [1.25, -26.75, -0.5],
			"scale": [1.96, 1.96, 1.96]
		}
	}
}