{
	"credit": "Made with Blockbench",
	"texture_size": [64, 64],
	"textures": {
		"0": "./5s",
		"particle": "./5s"
	},
	"elements": [
		{
			"from": [-14, -8, 0],
			"to": [14, 32, 1],
			"faces": {
				"north": {"uv": [0, 0, 7, 10], "texture": "#0"},
				"east": {"uv": [0, 0, 0.25, 10], "texture": "#0"},
				"south": {"uv": [14, 10, 7, 0], "texture": "#0"},
				"west": {"uv": [13.75, 0, 14, 10], "texture": "#0"},
				"up": {"uv": [14, 0, 7, 0.25], "texture": "#0"},
				"down": {"uv": [14, 9.75, 7, 10], "texture": "#0"}
			}
		}
	],
	"display": {
		"thirdperson_righthand": {
			"rotation": [45, -180, 0],
			"translation": [-1.25, 2.5, 0.75],
			"scale": [0.15, 0.15, 0.15]
		},
		"thirdperson_lefthand": {
			"rotation": [45, -180, 0],
			"translation": [1.25, 2.5, 0.75],
			"scale": [0.15, 0.15, 0.15]
		},
		"firstperson_righthand": {
			"rotation": [0, -180, 0],
			"translation": [21, -6.5, -26],
			"scale": [0.6, 0.6, 0.6]
		},
		"firstperson_lefthand": {
			"rotation": [0, -180, 0],
			"translation": [30.5, -6.5, -26],
			"scale": [0.6, 0.6, 0.6]
		},
		"ground": {
			"rotation": [90, 0, 0],
			"translation": [3, -2, -1.5],
			"scale": [0.3, 0.3, 0.3]
		},
		"gui": {
			"rotation": [0, -180, 0],
			"translation": [-4, -2, 0],
			"scale": [0.45, 0.45, 0.45]
		},
		"fixed": {
			"translation": [6, -3, 4.5],
			"scale": [0.75, 0.75, 0.75]
		}
	}
}