{
	"credit": "Made with Blockbench",
	"textures": {
		"0": "./pickaxe",
		"1": "./texture",
		"particle": "./pickaxe"
	},
	"elements": [
		{
			"from": [6.75, -11, 6.75],
			"to": [9.25, 9, 9.25],
			"faces": {
				"north": {"uv": [0, 0, 1.5, 10], "texture": "#0"},
				"east": {"uv": [1.5, 0, 3, 10], "texture": "#0"},
				"south": {"uv": [3, 0, 4.5, 10], "texture": "#0"},
				"west": {"uv": [4.5, 0, 6, 10], "texture": "#0"},
				"up": {"uv": [13, 9.5, 11.5, 8], "texture": "#0"},
				"down": {"uv": [8.5, 12, 7, 13.5], "texture": "#0"}
			}
		},
		{
			"from": [6.7, 9, 6],
			"to": [9.3, 13, 10],
			"faces": {
				"north": {"uv": [6, 10, 7.5, 12], "texture": "#0"},
				"east": {"uv": [9.5, 8, 11.5, 10], "texture": "#0"},
				"south": {"uv": [7.5, 10, 9, 12], "texture": "#0"},
				"west": {"uv": [0, 10, 2, 12], "texture": "#0"},
				"up": {"uv": [10.5, 12, 9, 10], "texture": "#0"},
				"down": {"uv": [12, 10, 10.5, 12], "texture": "#0"}
			}
		},
		{
			"from": [6.9, 13, 5],
			"to": [9.1, 17, 11],
			"faces": {
				"north": {"uv": [8.5, 12, 9.5, 14], "texture": "#0"},
				"east": {"uv": [6, 0, 9, 2], "texture": "#0"},
				"south": {"uv": [9.5, 12, 10.5, 14], "texture": "#0"},
				"west": {"uv": [6, 2, 9, 4], "texture": "#0"},
				"up": {"uv": [12.5, 3, 11.5, 0], "texture": "#0"},
				"down": {"uv": [1, 12, 0, 15], "texture": "#0"}
			}
		},
		{
			"from": [7.05, 13.1, 0],
			"to": [8.95, 17, 5],
			"faces": {
				"north": {"uv": [12, 9.5, 13, 11.5], "texture": "#0"},
				"east": {"uv": [9, 0, 11.5, 2], "texture": "#0"},
				"south": {"uv": [10.5, 12, 11.5, 14], "texture": "#0"},
				"west": {"uv": [9, 2, 11.5, 4], "texture": "#0"},
				"up": {"uv": [2, 14.5, 1, 12], "texture": "#0"},
				"down": {"uv": [13, 3, 12, 5.5], "texture": "#0"}
			}
		},
		{
			"from": [7.1, 14.1, -6],
			"to": [8.9, 17, 1],
			"rotation": {"angle": -22.5, "axis": "x", "origin": [8, 15.05, 1.5]},
			"faces": {
				"north": {"uv": [13, 9.5, 14, 11], "texture": "#0"},
				"east": {"uv": [6, 7, 9.5, 8.5], "texture": "#0"},
				"south": {"uv": [12.5, 13, 13.5, 14.5], "texture": "#0"},
				"west": {"uv": [6, 8.5, 9.5, 10], "texture": "#0"},
				"up": {"uv": [5, 13.5, 4, 10], "texture": "#0"},
				"down": {"uv": [6, 10, 5, 13.5], "texture": "#0"}
			}
		},
		{
			"from": [7.1, 16.5, 14.5],
			"to": [8.9, 19.4, 21.5],
			"rotation": {"angle": 22.5, "axis": "x", "origin": [8, 15.05, 8]},
			"faces": {
				"north": {"uv": [12.5, 11.5, 13.5, 13], "texture": "#0"},
				"east": {"uv": [6, 4, 9.5, 5.5], "texture": "#0"},
				"south": {"uv": [13, 2, 14, 3.5], "texture": "#0"},
				"west": {"uv": [6, 5.5, 9.5, 7], "texture": "#0"},
				"up": {"uv": [3, 13.5, 2, 10], "texture": "#0"},
				"down": {"uv": [4, 10, 3, 13.5], "texture": "#0"}
			}
		},
		{
			"from": [7.05, 13.1, 11],
			"to": [8.95, 17, 16],
			"faces": {
				"north": {"uv": [11.5, 12, 12.5, 14], "texture": "#0"},
				"east": {"uv": [9.5, 4, 12, 6], "texture": "#0"},
				"south": {"uv": [12.5, 0, 13.5, 2], "texture": "#0"},
				"west": {"uv": [9.5, 6, 12, 8], "texture": "#0"},
				"up": {"uv": [13, 8, 12, 5.5], "texture": "#0"},
				"down": {"uv": [7, 12, 6, 14.5], "texture": "#0"}
			}
		},
		{
			"from": [7, 17, 5],
			"to": [9, 18, 7.5],
			"faces": {
				"north": {"uv": [13.5, 1.5, 14.5, 2], "texture": "#0"},
				"east": {"uv": [13, 11, 14.5, 11.5], "texture": "#0"},
				"south": {"uv": [2, 13.5, 3, 14], "texture": "#0"},
				"west": {"uv": [13.5, 0, 15, 0.5], "texture": "#0"},
				"up": {"uv": [14, 5, 13, 3.5], "texture": "#0"},
				"down": {"uv": [14, 5, 13, 6.5], "texture": "#0"}
			}
		},
		{
			"from": [7, 17, 8.5],
			"to": [9, 18, 11],
			"faces": {
				"north": {"uv": [3, 13.5, 4, 14], "texture": "#0"},
				"east": {"uv": [13.5, 0.5, 15, 1], "texture": "#0"},
				"south": {"uv": [4, 13.5, 5, 14], "texture": "#0"},
				"west": {"uv": [13.5, 1, 15, 1.5], "texture": "#0"},
				"up": {"uv": [14, 8, 13, 6.5], "texture": "#0"},
				"down": {"uv": [14, 8, 13, 9.5], "texture": "#0"}
			}
		},
		{
			"from": [9.35, -11.1, 6.65],
			"to": [6.65, -7, 9.35],
			"faces": {
				"north": {"uv": [9, 8, 12, 12], "texture": "#1"},
				"east": {"uv": [6, 8, 9, 12], "texture": "#1"},
				"south": {"uv": [0, 8, 3, 12], "texture": "#1"},
				"west": {"uv": [3, 8, 6, 12], "texture": "#1"},
				"up": {"uv": [9, 3, 6, 0], "texture": "#1"},
				"down": {"uv": [9, 3, 6, 6], "texture": "#1"}
			}
		}
	],
	"display": {
		"thirdperson_righthand": {
			"translation": [0, 2.75, 1],
			"scale": [0.63, 0.63, 0.63]
		},
		"thirdperson_lefthand": {
			"translation": [0, 1.5, 1],
			"scale": [0.63, 0.63, 0.63]
		},
		"firstperson_righthand": {
			"translation": [0, 1, 0],
			"scale": [0.8, 0.8, 0.8]
		},
		"firstperson_lefthand": {
			"translation": [0, 1, 0],
			"scale": [0.8, 0.8, 0.8]
		},
		"ground": {
			"rotation": [0, 0, 90],
			"translation": [0, -0.75, 0]
		},
		"gui": {
			"rotation": [155.69, 42.74, -161.82],
			"translation": [0, 2.25, 0],
			"scale": [0.7, 0.66484, 0.7]
		},
		"head": {
			"rotation": [-56, 0, 0],
			"translation": [0, 15, -19.75]
		},
		"fixed": {
			"rotation": [0, 90, 0],
			"translation": [0, 3, 0],
			"scale": [0.8, 0.73359, 0.8]
		}
	}
}