{
	"credit": "Made with Blockbench",
	"texture_size": [8, 8],
	"textures": {
		"0": "./upmhand",
		"1": "./upmblade1",
		"2": "./upmblade2",
		"3": "./upmblade3",
		"4": "./upmhand2",
		"particle": "./upmhand"
	},
	"elements": [
		{
			"from": [8, 0, 7],
			"to": [9, 10, 9],
			"faces": {
				"north": {"uv": [4, 0, 5, 10], "texture": "#0"},
				"east": {"uv": [0, 0, 2, 10], "texture": "#0"},
				"south": {"uv": [5, 0, 6, 10], "texture": "#0"},
				"west": {"uv": [2, 0, 4, 10], "texture": "#0"},
				"up": {"uv": [7, 2, 6, 0], "texture": "#0"},
				"down": {"uv": [7, 2, 6, 4], "texture": "#0"}
			}
		},
		{
			"from": [8, 6.5, 5],
			"to": [9, 8, 7],
			"faces": {
				"north": {"uv": [6, 0, 8, 3], "texture": "#4"},
				"east": {"uv": [0, 0, 4, 3], "texture": "#4"},
				"south": {"uv": [6, 4, 8, 7], "texture": "#4"},
				"west": {"uv": [0, 4, 4, 7], "texture": "#4"},
				"up": {"uv": [6, 4, 4, 0], "texture": "#4"},
				"down": {"uv": [6, 4, 4, 8], "texture": "#4"}
			}
		},
		{
			"from": [8, 2.5, 5],
			"to": [9, 6.5, 6],
			"faces": {
				"north": {"uv": [12, 0, 14, 8], "texture": "#4"},
				"east": {"uv": [10, 0, 12, 8], "texture": "#4"},
				"south": {"uv": [8, 0, 10, 8], "texture": "#4"},
				"west": {"uv": [14, 0, 16, 8], "texture": "#4"},
				"up": {"uv": [12, 8, 14, 10], "texture": "#missing"},
				"down": {"uv": [14, 8, 16, 10], "texture": "#4"}
			}
		},
		{
			"from": [8.3, 10, 8],
			"to": [8.7, 28, 8.9],
			"faces": {
				"north": {"uv": [1, 0, 1.25, 9], "texture": "#1"},
				"east": {"uv": [0, 0, 0.5, 9], "texture": "#1"},
				"south": {"uv": [1.5, 0, 1.75, 9], "texture": "#1"},
				"west": {"uv": [0.5, 0, 1, 9], "texture": "#1"},
				"up": {"uv": [2.25, 0.5, 2, 0], "texture": "#1"},
				"down": {"uv": [2.25, 0.5, 2, 1], "texture": "#1"}
			}
		},
		{
			"from": [8.47, 10, 7.1],
			"to": [8.53, 27, 8],
			"faces": {
				"north": {"uv": [1, 0, 1.25, 8.5], "texture": "#2"},
				"east": {"uv": [0, 0, 0.5, 8.5], "texture": "#2"},
				"south": {"uv": [1.5, 0, 1.75, 8.5], "texture": "#2"},
				"west": {"uv": [0.5, 0, 1, 8.5], "texture": "#2"},
				"up": {"uv": [2.25, 0.5, 2, 0], "texture": "#2"},
				"down": {"uv": [2.25, 0.5, 2, 1], "texture": "#2"}
			}
		},
		{
			"from": [8.5, 26.87, 7.55],
			"to": [8.5, 28.27, 8.55],
			"rotation": {"angle": 45, "axis": "x", "origin": [9, 27.5, 7.5]},
			"faces": {
				"north": {"uv": [0, 0, 0, 3], "texture": "#3"},
				"east": {"uv": [0, 0, 2, 3], "texture": "#3"},
				"south": {"uv": [0, 0, 0, 3], "texture": "#3"},
				"west": {"uv": [2, 0, 4, 3], "texture": "#3"},
				"up": {"uv": [0, 2, 0, 0], "texture": "#3"},
				"down": {"uv": [0, 0, 0, 2], "texture": "#3"}
			}
		}
	],
	"display": {
		"thirdperson_righthand": {
			"translation": [-0.25, 1.75, 1.5]
		},
		"thirdperson_lefthand": {
			"translation": [1, 1.75, 1.5]
		},
		"firstperson_righthand": {
			"rotation": [-4, 3, -4],
			"translation": [1.75, 1, 0],
			"scale": [0.84, 0.84, 0.84]
		},
		"firstperson_lefthand": {
			"rotation": [-4, 3, -4],
			"translation": [1.75, 0.75, 0],
			"scale": [0.84, 0.84, 0.84]
		},
		"ground": {
			"rotation": [-90, -90, 0],
			"translation": [-1.25, 0, 4.75]
		},
		"gui": {
			"rotation": [120.81, 40.76, -122.96],
			"translation": [-3.5, -3.75, 0],
			"scale": [0.9, 0.9, 0.9]
		},
		"head": {
			"rotation": [-55.5, 0, 0],
			"translation": [0, 10.25, -10.5],
			"scale": [1, 2.02, 1]
		},
		"fixed": {
			"rotation": [-90, 41, 90],
			"translation": [4.5, -4, -0.25]
		}
	}
}