{
	"credit": "Made with Blockbench",
	"textures": {
		"0": "./cigarette",
		"particle": "./cigarette"
	},
	"elements": [
		{
			"from": [3, 0, 7],
			"to": [15, 2, 9],
			"faces": {
				"north": {"uv": [0, 0, 12, 2], "texture": "#0"},
				"east": {"uv": [0, 8, 2, 10], "texture": "#0"},
				"south": {"uv": [0, 2, 12, 4], "texture": "#0"},
				"west": {"uv": [2, 8, 4, 10], "texture": "#0"},
				"up": {"uv": [12, 6, 0, 4], "texture": "#0"},
				"down": {"uv": [12, 6, 0, 8], "texture": "#0"}
			}
		}
	],
	"display": {
		"thirdperson_righthand": {
			"rotation": [-18, 0.21, -110],
			"translation": [4, 0.25, 0.25],
			"scale": [0.4, 0.4, 0.4]
		},
		"thirdperson_lefthand": {
			"rotation": [-132.5, 22.31, 81.59],
			"translation": [-2.5, -1, -2],
			"scale": [0.4, 0.4, 0.4]
		},
		"firstperson_righthand": {
			"rotation": [-153, 83, -14],
			"translation": [-1.25, -1, 1.25],
			"scale": [0.64, 0.64, 0.64]
		},
		"firstperson_lefthand": {
			"rotation": [-153, -83, 14],
			"translation": [-1.25, -1, 1.25],
			"scale": [0.64, 0.64, 0.64]
		},
		"ground": {
			"translation": [0, 2, 0],
			"scale": [0.57, 0.57, 0.57]
		},
		"gui": {
			"rotation": [-5.48, 33.5, -42.41],
			"translation": [3, 6, 0]
		},
		"head": {
			"rotation": [-86.51, 1.49, -89.73],
			"translation": [3.5, -4, -9.75],
			"scale": [0.54, 0.54, 0.54]
		},
		"fixed": {
			"translation": [-1, 6.5, 0]
		}
	}
}