{
	"credit": "Made with Blockbench",
	"textures": {
		"0": "./travelerhand",
		"1": "./travelerhanddwn",
		"3": "./travelerblade",
		"4": "./travelerhandrgh",
		"particle": "./travelerhand"
	},
	"elements": [
		{
			"from": [7.01, 2, 7],
			"to": [8.99, 17, 9],
			"faces": {
				"north": {"uv": [0, 0, 2, 15], "texture": "#0"},
				"east": {"uv": [2, 0, 4, 15], "texture": "#0"},
				"south": {"uv": [4, 0, 6, 15], "texture": "#0"},
				"west": {"uv": [6, 0, 8, 15], "texture": "#0"},
				"up": {"uv": [10, 2, 8, 0], "texture": "#0"},
				"down": {"uv": [10, 2, 8, 4], "texture": "#0"}
			}
		},
		{
			"from": [7, 0, 6.5],
			"to": [9, 3, 9.5],
			"rotation": {"angle": -45, "axis": "x", "origin": [9, 1.5, 8]},
			"faces": {
				"north": {"uv": [3, 0, 5, 3], "texture": "#1"},
				"east": {"uv": [0, 0, 3, 3], "texture": "#1"},
				"south": {"uv": [3, 3, 5, 6], "texture": "#1"},
				"west": {"uv": [0, 3, 3, 6], "texture": "#1"},
				"up": {"uv": [7, 3, 5, 0], "texture": "#1"},
				"down": {"uv": [7, 3, 5, 6], "texture": "#1"}
			}
		},
		{
			"from": [6.8, 9, 8],
			"to": [9.2, 12, 13],
			"rotation": {"angle": 45, "axis": "x", "origin": [8, 11, 8]},
			"faces": {
				"north": {"uv": [0, 6, 2, 9], "texture": "#4"},
				"east": {"uv": [0, 0, 5, 3], "texture": "#4"},
				"south": {"uv": [2, 6, 4, 9], "texture": "#4"},
				"west": {"uv": [0, 3, 5, 6], "texture": "#4"},
				"up": {"uv": [7, 5, 5, 0], "texture": "#4"},
				"down": {"uv": [7, 5, 5, 10], "texture": "#4"}
			}
		},
		{
			"from": [8, 8, 4],
			"to": [8, 32, 12],
			"faces": {
				"north": {"uv": [0, 0, 0, 12.5], "texture": "#3"},
				"east": {"uv": [0, 0, 4, 12.5], "texture": "#3"},
				"south": {"uv": [0, 0, 0, 12.5], "texture": "#3"},
				"west": {"uv": [4, 0, 8, 12.5], "texture": "#3"},
				"up": {"uv": [0, 4, 0, 0], "texture": "#3"},
				"down": {"uv": [0, 0, 0, 4], "texture": "#3"}
			}
		}
	],
	"display": {
		"thirdperson_righthand": {
			"rotation": [180, 0, -180]
		},
		"thirdperson_lefthand": {
			"rotation": [180, 0, -180]
		},
		"firstperson_righthand": {
			"rotation": [0, 180, 0]
		},
		"firstperson_lefthand": {
			"rotation": [0, 180, 0]
		},
		"ground": {
			"rotation": [-90, -90, 0],
			"translation": [0, 0, 6]
		},
		"gui": {
			"rotation": [-71.51, -47.32, -60.6],
			"translation": [-3.25, -4.25, 0],
			"scale": [0.96875, 0.96875, 0.96875]
		},
		"head": {
			"rotation": [-73.5, 0, 0]
		},
		"fixed": {
			"rotation": [-90, 44, 90],
			"translation": [5, -6.25, 0],
			"scale": [1.09766, 1.09766, 1.09766]
		}
	}
}