{
	"credit": "Made with Blockbench",
	"texture_size": [32, 32],
	"textures": {
		"0": "./microhead",
		"1": "./hand",
		"2": "./handdw",
		"3": "./stand",
		"4": "./standdw",
		"particle": "./microhead"
	},
	"elements": [
		{
			"from": [2, 0, 2],
			"to": [14, 1, 14],
			"faces": {
				"north": {"uv": [6, 0, 12, 0.5], "texture": "#4"},
				"east": {"uv": [6, 0.5, 12, 1], "texture": "#4"},
				"south": {"uv": [6, 1, 12, 1.5], "texture": "#4"},
				"west": {"uv": [6, 1.5, 12, 2], "texture": "#4"},
				"up": {"uv": [6, 6, 0, 0], "texture": "#4"},
				"down": {"uv": [6, 6, 0, 12], "texture": "#4"}
			}
		},
		{
			"from": [7, 1, 7],
			"to": [9, 23, 9],
			"faces": {
				"north": {"uv": [0, 0, 1, 11], "texture": "#3"},
				"east": {"uv": [1, 0, 2, 11], "texture": "#3"},
				"south": {"uv": [2, 0, 3, 11], "texture": "#3"},
				"west": {"uv": [3, 0, 4, 11], "texture": "#3"},
				"up": {"uv": [5, 1, 4, 0], "texture": "#3"},
				"down": {"uv": [5, 1, 4, 2], "texture": "#3"}
			}
		},
		{
			"from": [7, 22, 6],
			"to": [11, 23, 10],
			"rotation": {"angle": -22.5, "axis": "z", "origin": [8, 25, 8]},
			"faces": {
				"north": {"uv": [4, 0, 8, 1], "texture": "#2"},
				"east": {"uv": [4, 1, 8, 2], "texture": "#2"},
				"south": {"uv": [4, 2, 8, 3], "texture": "#2"},
				"west": {"uv": [4, 3, 8, 4], "texture": "#2"},
				"up": {"uv": [4, 4, 0, 0], "texture": "#2"},
				"down": {"uv": [4, 4, 0, 8], "texture": "#2"}
			}
		},
		{
			"from": [7, 23, 9],
			"to": [11, 25, 10],
			"rotation": {"angle": -22.5, "axis": "z", "origin": [8, 25, 8]},
			"faces": {
				"north": {"uv": [0, 0, 4, 2], "texture": "#1"},
				"east": {"uv": [4, 1, 5, 3], "texture": "#1"},
				"south": {"uv": [0, 2, 4, 4], "texture": "#1"},
				"west": {"uv": [4, 3, 5, 5], "texture": "#1"},
				"up": {"uv": [4, 5, 0, 4], "texture": "#1"},
				"down": {"uv": [8, 0, 4, 1], "texture": "#1"}
			}
		},
		{
			"from": [7, 23, 6],
			"to": [11, 25, 7],
			"rotation": {"angle": -22.5, "axis": "z", "origin": [8, 25, 8]},
			"faces": {
				"north": {"uv": [0, 2, 4, 4], "texture": "#1"},
				"east": {"uv": [4, 1, 5, 3], "texture": "#1"},
				"south": {"uv": [0, 0, 4, 2], "texture": "#1"},
				"west": {"uv": [4, 3, 5, 5], "texture": "#1"},
				"up": {"uv": [0, 4, 4, 5], "texture": "#1"},
				"down": {"uv": [0, 0, 2, 0.5], "texture": "#missing"}
			}
		},
		{
			"from": [5, 23, 7],
			"to": [14, 25, 9],
			"rotation": {"angle": -22.5, "axis": "z", "origin": [7, 24, 8]},
			"faces": {
				"north": {"uv": [1.5, 3, 6, 4], "texture": "#0"},
				"east": {"uv": [0, 4.5, 1, 5.5], "texture": "#0"},
				"south": {"uv": [3, 1.5, 7.5, 2.5], "texture": "#0"},
				"west": {"uv": [1, 5, 2, 6], "texture": "#0"},
				"up": {"uv": [6, 5, 1.5, 4], "texture": "#0"},
				"down": {"uv": [9, 0, 4.5, 1], "texture": "#0"}
			}
		},
		{
			"from": [2.2, 23.8, 6.5],
			"to": [5.2, 26.8, 9.5],
			"rotation": {"angle": -22.5, "axis": "z", "origin": [4, 25, 8]},
			"faces": {
				"north": {"uv": [0, 0, 1.5, 1.5], "texture": "#0"},
				"east": {"uv": [0, 1.5, 1.5, 3], "texture": "#0"},
				"south": {"uv": [1.5, 0, 3, 1.5], "texture": "#0"},
				"west": {"uv": [1.5, 1.5, 3, 3], "texture": "#0"},
				"up": {"uv": [1.5, 4.5, 0, 3], "texture": "#0"},
				"down": {"uv": [4.5, 0, 3, 1.5], "texture": "#0"}
			}
		}
	],
	"display": {
		"thirdperson_righthand": {
			"rotation": [71, 90, -3],
			"translation": [-6, 3, -7.75]
		},
		"thirdperson_lefthand": {
			"rotation": [-112.5, -90, -179.5],
			"translation": [-6, 3, -7.75]
		},
		"firstperson_righthand": {
			"rotation": [-180, 90, -174],
			"translation": [-9, -10, -2.75]
		},
		"firstperson_lefthand": {
			"rotation": [-180, -90, 174],
			"translation": [-9, -10, -2.75]
		},
		"ground": {
			"translation": [0, 6.5, 0]
		},
		"gui": {
			"rotation": [22.18, 36.79, -4.68],
			"translation": [0, -3.5, 0],
			"scale": [0.70703, 0.70703, 0.70703]
		},
		"head": {
			"rotation": [-146.3, 73.83, -10.25],
			"translation": [0, -9.75, 11.75]
		},
		"fixed": {
			"rotation": [-90, 0, 0],
			"translation": [0, 0, -14.75],
			"scale": [2.08875, 2.08875, 2.08875]
		}
	}
}